バージョン,タイトル,ジャンル,アーティスト,プレー回数,BEGINNER 難易度,BEGINNER スコア,BEGINNER PGreat,BEGINNER Great,BEGINNER ミスカウント,BEGINNER クリアタイプ,BEGINNER DJ LEVEL,NORMAL 難易度,NORMAL スコア,NORMAL PGreat,NORMAL Great,NORMAL ミスカウント,NORMAL クリアタイプ,NORMAL DJ LEVEL,HYPER 難易度,HYPER スコア,HYPER PGreat,HYPER Great,HYPER ミスカウント,HYPER クリアタイプ,HYPER DJ LEVEL,ANOTHER 難易度,ANOTHER スコア,ANOTHER PGreat,ANOTHER Great,ANOTHER ミスカウント,ANOTHER クリアタイプ,ANOTHER DJ LEVEL,LEGGENDARIA 難易度,LEGGENDARIA スコア,LEGGENDARIA PGreat,LEGGENDARIA Great,LEGGENDARIA ミスカウント,LEGGENDARIA クリアタイプ,LEGGENDARIA DJ LEVEL,最終プレー日時
1st&substream,5.1.1.,PIANO AMBIENT,dj nagureo,0,0,0,0,0,---,NO PLAY,---,1,0,0,0,---,HARD CLEAR,---,7,0,0,0,---,NO PLAY,---,10,0,0,0,---,NO PLAY,---,0,0,0,0,---,NO PLAY,---,2025-09-17 21:25
1st&substream,GAMBOL,BIG BEAT,SLAKE,0,0,0,0,0,---,NO PLAY,---,2,0,0,0,---,HARD CLEAR,---,2,0,0,0,---,HARD CLEAR,---,0,0,0,0,---,NO PLAY,---,0,0,0,0,---,NO PLAY,---,2025-09-17 21:25
1st&substream,GENOM SCREAMS,TRANCE,L.E.D. LIGHT,0,0,0,0,0,---,NO PLAY,---,3,0,0,0,---,EASY CLEAR,---,6,0,0,0,---,NO PLAY,---,9,0,0,0,---,NO PLAY,---,0,0,0,0,---,NO PLAY,---,2025-09-17 21:25
1st&substream,KEEP ON MOVIN',DANCE POP,N.M.R.,2,0,0,0,0,---,NO PLAY,---,2,207,95,17,5,HARD CLEAR,AA,3,0,0,0,---,NO PLAY,---,0,0,0,0,---,NO PLAY,---,0,0,0,0,---,NO PLAY,---,2025-12-26 17:08
1st&substream,Macho Gang,TRIBAL HOUSE,ANAL SPYDER,0,0,0,0,0,---,NO PLAY,---,3,0,0,0,---,EASY CLEAR,---,11,0,0,0,---,NO PLAY,---,11,0,0,0,---,NO PLAY,---,0,0,0,0,---,NO PLAY,---,2025-09-17 21:25
1st&substream,RUGGED ASH,FUTURE JAZZ,SYMPHONIC DEFOGGERS,1,0,0,0,0,---,NO PLAY,---,3,0,0,0,---,NO PLAY,---,4,0,0,0,---,NO PLAY,---,9,689,265,159,133,FAILED,C,12,0,0,0,---,NO PLAY,---,2025-12-26 17:10
2nd style,I Was The One,ITALO HOUSE,good-cool,0,0,0,0,0,---,NO PLAY,---,2,0,0,0,---,HARD CLEAR,---,2,0,0,0,---,HARD CLEAR,---,0,0,0,0,---,NO PLAY,---,0,0,0,0,---,NO PLAY,---,2025-09-17 21:25
2nd style,SP-TRIP MACHINE(for beatmania II),JUNGLE,dj TAKA feat. DE-SIRE,0,0,0,0,0,---,NO PLAY,---,3,0,0,0,---,NO PLAY,---,5,0,0,0,---,FAILED,---,0,0,0,0,---,NO PLAY,---,0,0,0,0,---,NO PLAY,---,2025-09-17 21:25
3rd style,REINCARNATION,TRANCE,dj TAKA,0,0,0,0,0,---,NO PLAY,---,4,0,0,0,---,NO PLAY,---,5,0,0,0,---,FAILED,---,7,0,0,0,---,NO PLAY,---,0,0,0,0,---,NO PLAY,---,2025-09-17 21:25
3rd style,Tangerine Stream,AMBIENT,dj TAKA,0,0,0,0,0,---,NO PLAY,---,2,0,0,0,---,HARD CLEAR,---,3,0,0,0,---,NO PLAY,---,0,0,0,0,---,NO PLAY,---,0,0,0,0,---,NO PLAY,---,2025-09-17 21:25
3rd style,THE SAFARI,WORLD HOUSE,Lion Musashi,0,0,0,0,0,---,NO PLAY,---,8,0,0,0,---,FAILED,---,10,0,0,0,---,NO PLAY,---,0,0,0,0,---,NO PLAY,---,0,0,0,0,---,NO PLAY,---,2025-09-17 21:25
4th style,Clione,DUTCH TRANCE,kors k,1,0,0,0,0,---,NO PLAY,---,3,0,0,0,---,NO PLAY,---,4,0,0,0,---,NO PLAY,---,9,908,325,258,200,FAILED,C,11,0,0,0,---,NO PLAY,---,2025-12-24 15:32
4th style,era (step mix),DRUM'N'BASS,TaQ,0,0,0,0,0,---,NO PLAY,---,4,0,0,0,---,NO PLAY,---,8,0,0,0,---,FAILED,---,12,0,0,0,---,NO PLAY,---,0,0,0,0,---,NO PLAY,---,2025-09-17 21:25
4th style,KAMIKAZE,TECHNO,dj nagureo,1,0,0,0,0,---,NO PLAY,---,5,0,0,0,---,NO PLAY,---,7,1051,397,257,39,NO PLAY,A,10,0,0,0,---,NO PLAY,---,0,0,0,0,---,NO PLAY,---,2025-12-11 19:19
5th style,sometime,SOUND TRACK,Aya,1,0,0,0,0,---,NO PLAY,---,5,0,0,0,---,NO PLAY,---,8,801,304,193,78,EASY CLEAR,B,8,0,0,0,---,NO PLAY,---,0,0,0,0,---,NO PLAY,---,2025-12-26 19:05
5th style,still my words,AMBIENT,TaQ feat. Meg,0,0,0,0,0,---,NO PLAY,---,5,0,0,0,---,EASY CLEAR,---,7,0,0,0,---,NO PLAY,---,0,0,0,0,---,NO PLAY,---,0,0,0,0,---,NO PLAY,---,2025-09-17 21:25
5th style,sync,TRANCE,OutPhase (TaQ/dj TAKA),1,0,0,0,0,---,NO PLAY,---,7,1038,381,276,91,FAILED,B,9,0,0,0,---,NO PLAY,---,11,0,0,0,---,NO PLAY,---,0,0,0,0,---,NO PLAY,---,2025-12-11 19:11
5th style,V,PROGRESSIVE,TAKA,1,0,0,0,0,---,NO PLAY,---,6,378,165,48,---,FAILED,E,10,0,0,0,---,NO PLAY,---,11,0,0,0,---,NO PLAY,---,0,0,0,0,---,NO PLAY,---,2025-12-19 14:06
6th style,Frozen Ray (original mix),TRANCE,dj TAKA,0,0,0,0,0,---,NO PLAY,---,5,0,0,0,---,FAILED,---,9,0,0,0,---,NO PLAY,---,9,0,0,0,---,NO PLAY,---,0,0,0,0,---,NO PLAY,---,2025-09-17 21:25
6th style,rottel-da-sun,ROTTERDAM TECHNO,sampling masters MEGA,1,0,0,0,0,---,NO PLAY,---,5,695,298,99,12,HARD CLEAR,AA,8,0,0,0,---,NO PLAY,---,0,0,0,0,---,NO PLAY,---,0,0,0,0,---,NO PLAY,---,2025-12-11 18:28
6th style,route 80s,NOISY,sampling masters MEGA,0,0,0,0,0,---,NO PLAY,---,7,0,0,0,---,FAILED,---,11,0,0,0,---,NO PLAY,---,12,0,0,0,---,NO PLAY,---,0,0,0,0,---,NO PLAY,---,2025-09-17 21:25
7th style,AVE DE RAPINA,ALTERNATIVE HOUSE,Shawn The Horny Master,1,0,0,0,0,---,NO PLAY,---,8,1263,446,371,63,EASY CLEAR,B,10,0,0,0,---,NO PLAY,---,0,0,0,0,---,NO PLAY,---,0,0,0,0,---,NO PLAY,---,2025-12-26 19:07
7th style,Bad Routine,FILTER HOUSE,D.J. Spugna,1,0,0,0,0,---,NO PLAY,---,6,0,0,0,---,NO PLAY,---,7,1024,422,180,64,FAILED,A,9,0,0,0,---,NO PLAY,---,0,0,0,0,---,NO PLAY,---,2026-01-05 22:11
7th style,Burning Heat! (Full Option Mix),12 BEAT,Mr.T with Motoaki.F,1,0,0,0,0,---,NO PLAY,---,4,0,0,0,---,NO PLAY,---,5,0,0,0,---,NO PLAY,---,9,856,332,192,102,FAILED,C,0,0,0,0,---,NO PLAY,---,2025-12-26 16:11
7th style,Happy Wedding,HOUSE,ASKA,0,0,0,0,0,---,NO PLAY,---,6,0,0,0,---,NO PLAY,---,8,0,0,0,---,FAILED,---,10,0,0,0,---,NO PLAY,---,0,0,0,0,---,NO PLAY,---,2025-09-17 21:25
7th style,Love Me Do,NEW WAVE,AKIRA YAMAOKA,1,0,0,0,0,---,NO PLAY,---,5,0,0,0,---,NO PLAY,---,7,1128,439,250,85,EASY CLEAR,B,0,0,0,0,---,NO PLAY,---,0,0,0,0,---,NO PLAY,---,2026-01-05 22:09
7th style,Spica,HOUSE,D.JW,0,0,0,0,0,---,NO PLAY,---,3,0,0,0,---,FAILED,---,9,0,0,0,---,NO PLAY,---,12,0,0,0,---,NO PLAY,---,0,0,0,0,---,NO PLAY,---,2025-09-17 21:25
8th style,airflow,INSTRUMENTAL,Mr.T,0,0,0,0,0,---,NO PLAY,---,3,0,0,0,---,HARD CLEAR,---,6,0,0,0,---,NO PLAY,---,7,0,0,0,---,NO PLAY,---,0,0,0,0,---,NO PLAY,---,2025-09-17 21:25
8th style,Attitude,TRANCE,Y&Co.,0,0,0,0,0,---,NO PLAY,---,5,0,0,0,---,EASY CLEAR,---,7,0,0,0,---,NO PLAY,---,9,0,0,0,---,NO PLAY,---,0,0,0,0,---,NO PLAY,---,2025-09-17 21:25
8th style,CELEBRATE NITE,EURO GROOVE,N.M.R,1,0,0,0,0,---,NO PLAY,---,5,0,0,0,---,NO PLAY,---,7,0,0,0,---,NO PLAY,---,8,871,296,279,96,NO PLAY,B,0,0,0,0,---,NO PLAY,---,2025-12-27 17:22
8th style,Colors -Y&Co. Eurobeat Remix-,EUROBEAT,dj TAKA (remixed by 横田商会),1,0,0,0,0,---,NO PLAY,---,6,1042,441,160,16,HARD CLEAR,AA,10,0,0,0,---,NO PLAY,---,10,0,0,0,---,NO PLAY,---,0,0,0,0,---,NO PLAY,---,2025-12-19 14:10
8th style,memories,BEAT ROCK,TAKA,0,0,0,0,0,---,NO PLAY,---,5,0,0,0,---,FAILED,---,10,0,0,0,---,NO PLAY,---,11,0,0,0,---,NO PLAY,---,0,0,0,0,---,NO PLAY,---,2025-09-17 21:25
8th style,World Wide Love,POPS,MTO,0,0,0,0,0,---,NO PLAY,---,4,0,0,0,---,NO PLAY,---,5,0,0,0,---,NO PLAY,---,0,0,0,0,---,NO PLAY,---,0,0,0,0,---,NO PLAY,---,2025-09-17 21:25
8th style,xenon,ELECTROSHOCK,Mr.T,0,0,0,0,0,---,NO PLAY,---,5,0,0,0,---,FAILED,---,8,0,0,0,---,NO PLAY,---,11,0,0,0,---,NO PLAY,---,0,0,0,0,---,NO PLAY,---,2025-09-17 21:25
8th style,桜,SPIRITUAL,Reven-G,0,0,0,0,0,---,NO PLAY,---,8,0,0,0,---,FAILED,---,10,0,0,0,---,NO PLAY,---,12,0,0,0,---,NO PLAY,---,0,0,0,0,---,NO PLAY,---,2025-09-17 21:25
9th style,ATOMIC AGE,ENSEMBLE,SHUNZZY,0,0,0,0,0,---,NO PLAY,---,2,0,0,0,---,HARD CLEAR,---,6,0,0,0,---,EX HARD CLEAR,---,9,0,0,0,---,NO PLAY,---,0,0,0,0,---,NO PLAY,---,2025-09-17 21:25
9th style,BRIGHTNESS DARKNESS,ROCOCO TEK,SPARKER,2,0,0,0,0,---,NO PLAY,---,3,0,0,0,---,EASY CLEAR,---,8,1120,437,246,54,NO PLAY,A,10,0,0,0,---,NO PLAY,---,0,0,0,0,---,NO PLAY,---,2025-12-19 15:38
9th style,Golden Horn,TURKISH PIANO'N'BASS,Osamu Kubota,0,0,0,0,0,---,NO PLAY,---,3,0,0,0,---,NO PLAY,---,8,0,0,0,---,FAILED,---,11,0,0,0,---,NO PLAY,---,0,0,0,0,---,NO PLAY,---,2025-09-17 21:25
9th style,Really Love,R&B,大部真由美,1,0,0,0,0,---,NO PLAY,---,4,563,242,79,9,HARD CLEAR,AA,10,0,0,0,---,NO PLAY,---,0,0,0,0,---,NO PLAY,---,0,0,0,0,---,NO PLAY,---,2026-01-05 22:06
9th style,SNOW,DRUM'N'BASS,RAM,1,0,0,0,0,---,NO PLAY,---,5,0,0,0,---,NO PLAY,---,8,983,393,197,84,FAILED,B,10,0,0,0,---,NO PLAY,---,0,0,0,0,---,NO PLAY,---,2026-01-01 22:19
9th style,ライオン好き,ボデー,AKIRA YAMAOKA,0,0,0,0,0,---,NO PLAY,---,3,0,0,0,---,EASY CLEAR,---,6,0,0,0,---,NO PLAY,---,0,0,0,0,---,NO PLAY,---,0,0,0,0,---,NO PLAY,---,2025-09-17 21:25
10th style,ALIEN TEMPLE,PSYCHEDELIC TRANCE,PINK PONG,0,0,0,0,0,---,NO PLAY,---,5,0,0,0,---,NO PLAY,---,8,0,0,0,---,FAILED,---,10,0,0,0,---,NO PLAY,---,0,0,0,0,---,NO PLAY,---,2025-09-17 21:25
10th style,DoLL,HYPER J-POP FOUR,ＴЁЯＲＡ,0,0,0,0,0,---,NO PLAY,---,6,0,0,0,---,NO PLAY,---,7,0,0,0,---,FAILED,---,9,0,0,0,---,NO PLAY,---,0,0,0,0,---,NO PLAY,---,2025-09-17 21:25
10th style,雪月花,HARD HOUSE,Ryu☆,1,0,0,0,0,---,NO PLAY,---,8,989,369,251,83,NO PLAY,B,10,0,0,0,---,NO PLAY,---,12,0,0,0,---,NO PLAY,---,0,0,0,0,---,NO PLAY,---,2025-12-27 17:21
IIDX RED,D.A.N.C.E.!,J-POP,DJ Yoshitaka feat.星野奏子,0,0,0,0,0,---,NO PLAY,---,3,0,0,0,---,EASY CLEAR,---,5,0,0,0,---,NO PLAY,---,8,0,0,0,---,NO PLAY,---,0,0,0,0,---,NO PLAY,---,2025-09-17 21:25
IIDX RED,earth scape,PIANO BALLAD,dj TAKA,0,0,0,0,0,---,NO PLAY,---,2,0,0,0,---,HARD CLEAR,---,6,0,0,0,---,EASY CLEAR,---,0,0,0,0,---,NO PLAY,---,0,0,0,0,---,NO PLAY,---,2025-09-17 21:25
HAPPY SKY,Don't let it go,J-POP REMIX,ウッチーズ,0,0,0,0,0,---,NO PLAY,---,4,0,0,0,---,NO PLAY,---,7,0,0,0,---,EASY CLEAR,---,10,0,0,0,---,NO PLAY,---,0,0,0,0,---,NO PLAY,---,2025-09-17 21:25
HAPPY SKY,EMPTY OF THE SKY,E-ROCK,AKIRA YAMAOKA,0,0,0,0,0,---,NO PLAY,---,3,0,0,0,---,EASY CLEAR,---,5,0,0,0,---,NO PLAY,---,8,0,0,0,---,NO PLAY,---,0,0,0,0,---,NO PLAY,---,2025-09-17 21:25
HAPPY SKY,POODLE,EUROBEAT,Y&Co.,0,0,0,0,0,---,NO PLAY,---,5,0,0,0,---,NO PLAY,---,8,0,0,0,---,EASY CLEAR,---,11,0,0,0,---,NO PLAY,---,12,0,0,0,---,NO PLAY,---,2025-09-17 21:25
HAPPY SKY,オレはビートマニア！お前は何マニア？,FUNK,DANCE☆MAN,0,0,0,0,0,---,NO PLAY,---,5,0,0,0,---,NO PLAY,---,7,0,0,0,---,NO PLAY,---,9,0,0,0,---,NO PLAY,---,0,0,0,0,---,NO PLAY,---,2025-09-17 21:25
DistorteD,D.C.fish,TECHNO,DJ MURASAME,0,0,0,0,0,---,NO PLAY,---,5,0,0,0,---,NO PLAY,---,8,0,0,0,---,FAILED,---,11,0,0,0,---,NO PLAY,---,0,0,0,0,---,NO PLAY,---,2025-09-17 21:25
DistorteD,EURO-ROMANCE,80's TECHNO,K-MASERA,2,0,0,0,0,---,NO PLAY,---,5,0,0,0,---,NO PLAY,---,8,1062,393,276,103,NO PLAY,B,11,0,0,0,---,NO PLAY,---,0,0,0,0,---,NO PLAY,---,2025-12-19 15:43
DistorteD,Harmony and Lovely,PROGRESSIVE HOUSE,Ryu☆,1,0,0,0,0,---,NO PLAY,---,5,0,0,0,---,NO PLAY,---,9,1087,416,255,88,EASY CLEAR,B,11,0,0,0,---,NO PLAY,---,0,0,0,0,---,NO PLAY,---,2025-12-24 15:28
DistorteD,Heavenly Sun (IIDX VERSION),TRANCE,AKIRA YAMAOKA,1,0,0,0,0,---,NO PLAY,---,4,0,0,0,---,NO PLAY,---,8,1064,428,208,66,EASY CLEAR,B,10,0,0,0,---,NO PLAY,---,0,0,0,0,---,NO PLAY,---,2026-01-08 18:14
DistorteD,Leaving...,SYMPHONIC EURO,SEIYA MURAI meets “eimy”,0,0,0,0,0,---,NO PLAY,---,4,0,0,0,---,NO PLAY,---,7,0,0,0,---,FAILED,---,10,0,0,0,---,NO PLAY,---,0,0,0,0,---,NO PLAY,---,2025-09-17 21:25
DistorteD,The Dirty of Loudness,SADISTIC HARDCORE,Tatsh Assault X,0,0,0,0,0,---,NO PLAY,---,7,0,0,0,---,FAILED,---,10,0,0,0,---,NO PLAY,---,10,0,0,0,---,NO PLAY,---,0,0,0,0,---,NO PLAY,---,2025-09-17 21:25
DistorteD,Zenius -I- vanisher,CYBER OPUS,Tatsh,1,0,0,0,0,---,NO PLAY,---,5,0,0,0,---,NO PLAY,---,8,1164,500,164,44,EASY CLEAR,A,11,0,0,0,---,NO PLAY,---,0,0,0,0,---,NO PLAY,---,2025-12-27 17:13
DistorteD,タシカナモノ,POPROCK,星野奏子 with the BAND,0,0,0,0,0,---,NO PLAY,---,5,0,0,0,---,NO PLAY,---,7,0,0,0,---,FAILED,---,10,0,0,0,---,NO PLAY,---,0,0,0,0,---,NO PLAY,---,2025-09-17 21:25
DistorteD,罠,DRUM'N'ROCK,good-cool,1,0,0,0,0,---,NO PLAY,---,4,0,0,0,---,NO PLAY,---,7,1091,437,217,45,EASY CLEAR,A,0,0,0,0,---,NO PLAY,---,0,0,0,0,---,NO PLAY,---,2025-12-24 14:21
GOLD,Air Bell,FLOW POP,D-crew,1,0,0,0,0,---,NO PLAY,---,5,0,0,0,---,NO PLAY,---,7,0,0,0,---,NO PLAY,---,8,1109,458,193,49,EASY CLEAR,A,0,0,0,0,---,NO PLAY,---,2025-12-30 22:37
GOLD,Blind Justice ～Torn souls， Hurt Faiths ～,EPIC POETRY,Zektbach,2,0,0,0,0,---,NO PLAY,---,7,0,0,0,---,NO PLAY,---,8,1295,521,253,98,NO PLAY,A,10,0,0,0,---,NO PLAY,---,0,0,0,0,---,NO PLAY,---,2025-12-27 17:16
GOLD,FIRE FIRE,BUCHIAGE TRANCE,StripE,0,0,0,0,0,---,NO PLAY,---,7,0,0,0,---,EASY CLEAR,---,9,0,0,0,---,NO PLAY,---,11,0,0,0,---,NO PLAY,---,0,0,0,0,---,NO PLAY,---,2025-09-17 21:25
GOLD,Second Heaven,HANDZ UP,Ryu☆,1,0,0,0,0,---,NO PLAY,---,6,0,0,0,---,EASY CLEAR,---,8,1060,451,158,58,EASY CLEAR,A,11,0,0,0,---,NO PLAY,---,0,0,0,0,---,NO PLAY,---,2026-01-08 18:32
DJ TROOPERS,avant-guerre,CLASSICAL PIANO SOLO,Osamu Kubota,5,0,0,0,0,---,NO PLAY,---,5,628,270,88,7,HARD CLEAR,AA,9,977,403,171,33,HARD CLEAR,A,10,0,0,0,---,NO PLAY,---,0,0,0,0,---,NO PLAY,---,2026-01-14 18:34
DJ TROOPERS,Blue Rain,TRANCE,dj TAKA VS Ryu☆,0,0,0,0,0,---,NO PLAY,---,6,0,0,0,---,EASY CLEAR,---,7,0,0,0,---,NO PLAY,---,10,0,0,0,---,NO PLAY,---,12,0,0,0,---,NO PLAY,---,2025-09-17 21:25
DJ TROOPERS,Darling my LUV,J-R&B,DJ Yoshitaka feat.B-Agents,1,0,0,0,0,---,NO PLAY,---,5,0,0,0,---,NO PLAY,---,7,866,357,152,22,EASY CLEAR,A,0,0,0,0,---,NO PLAY,---,0,0,0,0,---,NO PLAY,---,2026-01-08 18:22
DJ TROOPERS,Digitank System,TECH-BREAKBEATS,DJ Mass MAD Izm*,1,0,0,0,0,---,NO PLAY,---,5,769,317,135,10,HARD CLEAR,AA,8,0,0,0,---,NO PLAY,---,10,0,0,0,---,NO PLAY,---,0,0,0,0,---,NO PLAY,---,2025-12-19 14:42
DJ TROOPERS,Do it!! Do it!!,N-BEATS,Kraken,0,0,0,0,0,---,NO PLAY,---,5,0,0,0,---,EASY CLEAR,---,10,0,0,0,---,NO PLAY,---,12,0,0,0,---,NO PLAY,---,0,0,0,0,---,NO PLAY,---,2025-09-17 21:25
DJ TROOPERS,evergreen,PROG,kors k,1,0,0,0,0,---,NO PLAY,---,5,0,0,0,---,NO PLAY,---,8,901,346,209,71,EASY CLEAR,B,11,0,0,0,---,NO PLAY,---,0,0,0,0,---,NO PLAY,---,2025-12-30 22:25
DJ TROOPERS,ICARUS,NU-SKOOL BREAKBEATS HARDCORE,Eagle,1,0,0,0,0,---,NO PLAY,---,7,669,260,149,---,FAILED,C,10,0,0,0,---,NO PLAY,---,12,0,0,0,---,NO PLAY,---,12,0,0,0,---,NO PLAY,---,2025-12-30 22:19
DJ TROOPERS,madrugada,PROGRESSIVE HOUSE,PINK PONG,0,0,0,0,0,---,NO PLAY,---,3,0,0,0,---,EASY CLEAR,---,7,0,0,0,---,NO PLAY,---,10,0,0,0,---,NO PLAY,---,0,0,0,0,---,NO PLAY,---,2025-09-17 21:25
DJ TROOPERS,MENTAL MELTDOWN,HARD HOP,GUHROOVY fw.TECHNORCH,1,0,0,0,0,---,NO PLAY,---,6,846,308,230,24,HARD CLEAR,A,9,0,0,0,---,NO PLAY,---,11,0,0,0,---,NO PLAY,---,0,0,0,0,---,NO PLAY,---,2025-12-19 14:39
DJ TROOPERS,Ristaccia,OUVERTURE,Zektbach,1,0,0,0,0,---,NO PLAY,---,5,0,0,0,---,NO PLAY,---,8,1248,495,258,67,EASY CLEAR,A,10,0,0,0,---,NO PLAY,---,11,0,0,0,---,NO PLAY,---,2026-01-08 17:40
DJ TROOPERS,scar in the earth,WORLD/ELECTRONICA,猫叉Master,1,0,0,0,0,---,NO PLAY,---,4,0,0,0,---,NO PLAY,---,7,792,320,152,---,FAILED,A,9,0,0,0,---,NO PLAY,---,0,0,0,0,---,NO PLAY,---,2025-12-11 18:20
DJ TROOPERS,STEEL NEEDLE,BREAK CORE,Scorpion,0,0,0,0,0,---,NO PLAY,---,6,0,0,0,---,NO PLAY,---,10,0,0,0,---,NO PLAY,---,11,0,0,0,---,NO PLAY,---,12,0,0,0,---,NO PLAY,---,2025-09-17 21:25
DJ TROOPERS,Wanna Party?,PIANO HOUSE,RAM,1,0,0,0,0,---,NO PLAY,---,3,0,0,0,---,EASY CLEAR,---,6,0,0,0,---,NO PLAY,---,9,829,311,207,---,NO PLAY,C,12,0,0,0,---,NO PLAY,---,2026-01-12 20:13
DJ TROOPERS,マチ子の唄,EDUCATION,AKIRA YAMAOKA,0,0,0,0,0,---,NO PLAY,---,4,0,0,0,---,NO PLAY,---,7,0,0,0,---,EASY CLEAR,---,9,0,0,0,---,NO PLAY,---,0,0,0,0,---,NO PLAY,---,2025-09-17 21:25
DJ TROOPERS,少年A,POST RENAISSANCE,Remixed by 少年ラジオ,2,0,0,0,0,---,NO PLAY,---,6,1110,483,144,23,HARD CLEAR,AA,10,0,0,0,---,NO PLAY,---,12,0,0,0,---,NO PLAY,---,0,0,0,0,---,NO PLAY,---,2025-12-30 22:16
DJ TROOPERS,華爛漫 -Flowers-,HYPER JAPANESQUE 2,ＴЁЯＲＡ,0,0,0,0,0,---,NO PLAY,---,7,0,0,0,---,EASY CLEAR,---,9,0,0,0,---,NO PLAY,---,10,0,0,0,---,NO PLAY,---,12,0,0,0,---,NO PLAY,---,2025-09-17 21:25
DJ TROOPERS,走馬灯 -The Last Song-,SOLDIER'S BALLAD,TAKA,0,0,0,0,0,---,NO PLAY,---,3,0,0,0,---,NO PLAY,---,5,0,0,0,---,EASY CLEAR,---,0,0,0,0,---,NO PLAY,---,0,0,0,0,---,NO PLAY,---,2025-09-17 21:25
DJ TROOPERS,高高度降下低高度開傘,SYMPHONIC TECHNO,Dr.Honda,0,0,0,0,0,---,NO PLAY,---,5,0,0,0,---,NO PLAY,---,9,0,0,0,---,NO PLAY,---,10,0,0,0,---,NO PLAY,---,0,0,0,0,---,NO PLAY,---,2025-09-17 21:25
EMPRESS,BITTER CHOCOLATE STRIKER,JUMPSTYLE,L.E.D.-G,0,0,0,0,0,---,NO PLAY,---,5,0,0,0,---,FAILED,---,10,0,0,0,---,NO PLAY,---,11,0,0,0,---,NO PLAY,---,12,0,0,0,---,NO PLAY,---,2025-09-17 21:25
EMPRESS,CaptivAte2～覚醒～,NOSTALISH REQUIEM,e-lma,0,0,0,0,0,---,NO PLAY,---,5,0,0,0,---,NO PLAY,---,9,0,0,0,---,FAILED,---,11,0,0,0,---,NO PLAY,---,0,0,0,0,---,NO PLAY,---,2025-09-17 21:25
EMPRESS,Kung-fu Empire,ASIAN JANGLE,飛燕流舞,0,0,0,0,0,---,NO PLAY,---,6,0,0,0,---,EASY CLEAR,---,10,0,0,0,---,NO PLAY,---,11,0,0,0,---,NO PLAY,---,12,0,0,0,---,NO PLAY,---,2025-09-17 21:25
EMPRESS,Mind Mapping,ELECTRO-TECH,Ryu☆,1,0,0,0,0,---,NO PLAY,---,4,0,0,0,---,NO PLAY,---,7,0,0,0,---,NO PLAY,---,8,1268,503,262,94,EASY CLEAR,A,11,0,0,0,---,NO PLAY,---,2026-01-08 19:09
EMPRESS,Monkey Dance '09,EUROBEAT,Y&Co. Feat. DOMINO,1,0,0,0,0,---,NO PLAY,---,4,0,0,0,---,NO PLAY,---,8,1305,555,195,49,EASY CLEAR,A,11,0,0,0,---,NO PLAY,---,0,0,0,0,---,NO PLAY,---,2026-01-08 17:59
EMPRESS,neogenesis,ENERGETIC TRANCE,DM Ashura,1,0,0,0,0,---,NO PLAY,---,5,783,342,99,13,HARD CLEAR,AA,7,0,0,0,---,NO PLAY,---,9,0,0,0,---,NO PLAY,---,11,0,0,0,---,NO PLAY,---,2025-12-11 17:59
EMPRESS,smooooch・∀・,CANDY RAVE,kors k,2,0,0,0,0,---,NO PLAY,---,5,0,0,0,---,NO PLAY,---,8,1184,473,238,51,CLEAR,A,10,0,0,0,---,NO PLAY,---,11,0,0,0,---,NO PLAY,---,2025-12-24 15:10
SIRIUS,BEAUTIFUL ANGEL,DRUM'N'BASS,DJ SWAN,0,0,0,0,0,---,NO PLAY,---,5,0,0,0,---,NO PLAY,---,8,0,0,0,---,FAILED,---,10,0,0,0,---,NO PLAY,---,0,0,0,0,---,NO PLAY,---,2025-09-17 21:25
SIRIUS,being torn the sky,ELECTRO POP,猫叉Master+ feat.JUNE,0,0,0,0,0,---,NO PLAY,---,3,0,0,0,---,EASY CLEAR,---,7,0,0,0,---,NO PLAY,---,9,0,0,0,---,NO PLAY,---,0,0,0,0,---,NO PLAY,---,2025-09-17 21:25
SIRIUS,bloomin' feeling,HAPPY HARDCORE,Ryu☆,0,0,0,0,0,---,NO PLAY,---,6,0,0,0,---,NO PLAY,---,10,0,0,0,---,NO PLAY,---,11,0,0,0,---,NO PLAY,---,0,0,0,0,---,NO PLAY,---,2025-09-17 21:25
SIRIUS,Red. by Full Metal Jacket,TECH-BREAKBEATS,DJ Mass MAD Izm*,1,0,0,0,0,---,NO PLAY,---,6,0,0,0,---,NO PLAY,---,9,1397,537,323,76,EASY CLEAR,A,12,0,0,0,---,NO PLAY,---,0,0,0,0,---,NO PLAY,---,2026-01-14 17:57
SIRIUS,She is my wife,ONLY ONE BALLAD,SUPER STAR 満-MITSURU-,0,0,0,0,0,---,NO PLAY,---,5,0,0,0,---,EASY CLEAR,---,9,0,0,0,---,NO PLAY,---,10,0,0,0,---,NO PLAY,---,0,0,0,0,---,NO PLAY,---,2025-09-17 21:25
SIRIUS,Sorrows,EMO,Asako Yoshihiro,1,0,0,0,0,---,NO PLAY,---,5,0,0,0,---,NO PLAY,---,8,1331,538,255,67,NO PLAY,A,11,0,0,0,---,NO PLAY,---,0,0,0,0,---,NO PLAY,---,2025-12-27 17:18
SIRIUS,ワルツ第17番 ト短調”大犬のワルツ”,VALSE,virkato,0,0,0,0,0,---,NO PLAY,---,6,0,0,0,---,FAILED,---,10,0,0,0,---,NO PLAY,---,12,0,0,0,---,NO PLAY,---,0,0,0,0,---,NO PLAY,---,2025-09-17 21:25
Resort Anthem,Aegis,TECHNO,IT medalion,1,0,0,0,0,---,NO PLAY,---,5,0,0,0,---,NO PLAY,---,8,895,363,169,92,EASY CLEAR,B,10,0,0,0,---,NO PLAY,---,0,0,0,0,---,NO PLAY,---,2025-12-26 19:02
Resort Anthem,DM STAR～関西 energy style～,SPEED RAVE,NAOKI,1,0,0,0,0,---,NO PLAY,---,6,0,0,0,---,NO PLAY,---,9,1297,525,247,163,FAILED,B,11,0,0,0,---,NO PLAY,---,0,0,0,0,---,NO PLAY,---,2026-01-08 18:27
Resort Anthem,Energy Drive,HARDCORE,kevin energy,0,0,0,0,0,---,NO PLAY,---,6,0,0,0,---,NO PLAY,---,8,0,0,0,---,EASY CLEAR,---,11,0,0,0,---,NO PLAY,---,0,0,0,0,---,NO PLAY,---,2025-09-17 21:25
Resort Anthem,Eternal Tears,WINTER BALLADE,ツガル,0,0,0,0,0,---,NO PLAY,---,2,0,0,0,---,HARD CLEAR,---,5,0,0,0,---,NO PLAY,---,7,0,0,0,---,NO PLAY,---,0,0,0,0,---,NO PLAY,---,2025-09-17 21:25
Resort Anthem,Fantasia,HYPER FANTASIA,ＴЁЯＲＡ,2,0,0,0,0,---,NO PLAY,---,4,0,0,0,---,NO PLAY,---,8,1025,404,217,101,FAILED,B,10,0,0,0,---,NO PLAY,---,0,0,0,0,---,NO PLAY,---,2026-01-01 22:15
Resort Anthem,Medicine of love,MAGICAL POP,イロハ＆リリナ,1,0,0,0,0,---,NO PLAY,---,4,0,0,0,---,NO PLAY,---,6,893,409,75,9,HARD CLEAR,AAA,9,0,0,0,---,NO PLAY,---,0,0,0,0,---,NO PLAY,---,2026-01-05 22:21
Resort Anthem,SABER WING,SHOOTING WALTZ,TAG,0,0,0,0,0,---,NO PLAY,---,5,0,0,0,---,FAILED,---,9,0,0,0,---,NO PLAY,---,12,0,0,0,---,NO PLAY,---,0,0,0,0,---,NO PLAY,---,2025-09-17 21:25
Resort Anthem,THE FALLEN,GOTH NU-STYLE GABBA,L.E.D.-G,0,0,0,0,0,---,NO PLAY,---,5,0,0,0,---,FAILED,---,9,0,0,0,---,NO PLAY,---,11,0,0,0,---,NO PLAY,---,0,0,0,0,---,NO PLAY,---,2025-09-17 21:25
Resort Anthem,Tropical April,VACATION DANCE,Risk Junk,1,0,0,0,0,---,NO PLAY,---,6,0,0,0,---,NO PLAY,---,9,1334,516,302,95,FAILED,B,11,0,0,0,---,NO PLAY,---,0,0,0,0,---,NO PLAY,---,2025-12-26 16:08
Resort Anthem,Watch Out Pt.2,TECH-BREAKBEATS,DJ Mass MAD Izm* VS.DJ Yoshitaka,2,0,0,0,0,---,NO PLAY,---,6,1018,428,162,5,HARD CLEAR,AA,9,1253,471,311,79,EASY CLEAR,B,11,0,0,0,---,NO PLAY,---,0,0,0,0,---,NO PLAY,---,2025-12-24 14:42
Resort Anthem,おおきなこえで,WORLD/POPS,猫叉Master feat.Sana,0,0,0,0,0,---,NO PLAY,---,3,0,0,0,---,NO PLAY,---,5,0,0,0,---,NO PLAY,---,7,0,0,0,---,EASY CLEAR,---,10,0,0,0,---,NO PLAY,---,2025-09-17 21:25
Resort Anthem,灼熱Beach Side Bunny,BROKEN SAMBA BREAK,DJ Mass MAD Izm*,1,0,0,0,0,---,NO PLAY,---,6,0,0,0,---,NO PLAY,---,10,1386,550,286,44,EASY CLEAR,A,12,0,0,0,---,NO PLAY,---,0,0,0,0,---,NO PLAY,---,2026-01-14 17:59
Resort Anthem,黒髪乱れし修羅となりて,撫子メタル,村正クオリア,0,0,0,0,0,---,NO PLAY,---,5,0,0,0,---,FAILED,---,10,0,0,0,---,NO PLAY,---,12,0,0,0,---,NO PLAY,---,0,0,0,0,---,NO PLAY,---,2025-09-17 21:25
Lincle,A MINSTREL ～ ver. short-scape ～,LA FABELO,KANTASIA by S.S.D. PRODUCTS,3,0,0,0,0,---,NO PLAY,---,3,0,0,0,---,NO PLAY,---,8,1276,563,150,25,EASY CLEAR,AA,9,1899,813,273,74,EASY CLEAR,A,0,0,0,0,---,NO PLAY,---,2026-01-14 18:57
Lincle,Almace,TECHNO,Qrispy Joybox,0,0,0,0,0,---,NO PLAY,---,4,0,0,0,---,NO PLAY,---,8,0,0,0,---,NO PLAY,---,11,0,0,0,---,NO PLAY,---,0,0,0,0,---,NO PLAY,---,2025-09-17 21:25
Lincle,CALL,WORLD/ELECTRONICA,猫叉Master,0,0,0,0,0,---,NO PLAY,---,2,0,0,0,---,HARD CLEAR,---,8,0,0,0,---,NO PLAY,---,8,0,0,0,---,NO PLAY,---,0,0,0,0,---,NO PLAY,---,2025-09-17 21:25
Lincle,Far east nightbird,DRUM'N'BASS,猫叉Master,0,0,0,0,0,---,NO PLAY,---,4,0,0,0,---,NO PLAY,---,8,0,0,0,---,EASY CLEAR,---,10,0,0,0,---,NO PLAY,---,0,0,0,0,---,NO PLAY,---,2025-09-17 21:25
Lincle,Liquid Crystal Girl feat. echo,ELECTRO,kmp,0,0,0,0,0,---,NO PLAY,---,2,0,0,0,---,HARD CLEAR,---,6,0,0,0,---,NO PLAY,---,9,0,0,0,---,NO PLAY,---,0,0,0,0,---,NO PLAY,---,2025-09-17 21:25
Lincle,Lucky Days,DREAM TRANCE,Sota Fujimori feat. Kanako Hoshino,0,0,0,0,0,---,NO PLAY,---,4,0,0,0,---,NO PLAY,---,8,0,0,0,---,FAILED,---,10,0,0,0,---,NO PLAY,---,0,0,0,0,---,NO PLAY,---,2025-09-17 21:25
Lincle,Star Trail,TRANCE,Nhato,0,0,0,0,0,---,NO PLAY,---,4,0,0,0,---,NO PLAY,---,7,0,0,0,---,NO PLAY,---,10,0,0,0,---,NO PLAY,---,11,0,0,0,---,NO PLAY,---,2025-09-17 21:25
Lincle,The Limbo,CYBER PUNK,STN,0,0,0,0,0,---,NO PLAY,---,6,0,0,0,---,EASY CLEAR,---,10,0,0,0,---,NO PLAY,---,12,0,0,0,---,NO PLAY,---,12,0,0,0,---,NO PLAY,---,2025-09-17 21:25
Lincle,Voxane,TECH DANCE,Remo-con,0,0,0,0,0,---,NO PLAY,---,3,0,0,0,---,EASY CLEAR,---,7,0,0,0,---,NO PLAY,---,9,0,0,0,---,NO PLAY,---,0,0,0,0,---,NO PLAY,---,2025-09-17 21:25
tricoro,Beastie Starter,SPEEDCORE,GUHROOVY,0,0,0,0,0,---,NO PLAY,---,3,0,0,0,---,EASY CLEAR,---,7,0,0,0,---,NO PLAY,---,11,0,0,0,---,NO PLAY,---,0,0,0,0,---,NO PLAY,---,2025-09-17 21:25
tricoro,connective,LOUNGE POP,猫叉Master feat.*spiLa*,0,0,0,0,0,---,NO PLAY,---,2,0,0,0,---,HARD CLEAR,---,6,0,0,0,---,NO PLAY,---,8,0,0,0,---,NO PLAY,---,0,0,0,0,---,NO PLAY,---,2025-09-17 21:25
tricoro,Cookie Bouquets,BREAK CORE,L.E.D. vs TOMOSUKE fw.crimm,1,0,0,0,0,---,NO PLAY,---,7,1074,457,160,15,EASY CLEAR,AA,10,0,0,0,---,NO PLAY,---,11,0,0,0,---,NO PLAY,---,0,0,0,0,---,NO PLAY,---,2025-12-24 14:26
tricoro,Elemental Creation,HARD RENAISSANCE,dj TAKA meets DJ YOSHITAKA,1,0,0,0,0,---,NO PLAY,---,8,1407,626,155,30,EASY CLEAR,AA,10,0,0,0,---,NO PLAY,---,12,0,0,0,---,NO PLAY,---,0,0,0,0,---,NO PLAY,---,2025-12-26 17:24
tricoro,Fly you to the star,HANDZ UP,Another Infinity feat. Mayumi Morinaga,1,0,0,0,0,---,NO PLAY,---,4,0,0,0,---,NO PLAY,---,8,1122,474,174,46,EASY CLEAR,A,11,0,0,0,---,NO PLAY,---,0,0,0,0,---,NO PLAY,---,2025-12-27 16:50
tricoro,I know You know,NEW 80's,Suke+Suke feat.Ribbon,0,0,0,0,0,---,NO PLAY,---,3,0,0,0,---,EASY CLEAR,---,6,0,0,0,---,NO PLAY,---,9,0,0,0,---,NO PLAY,---,0,0,0,0,---,NO PLAY,---,2025-09-17 21:25
tricoro,mnemoniq,JAZZ HOUSE,youhei shimizu,1,0,0,0,0,---,NO PLAY,---,5,0,0,0,---,NO PLAY,---,8,880,345,190,---,EASY CLEAR,A,9,0,0,0,---,NO PLAY,---,0,0,0,0,---,NO PLAY,---,2025-12-19 15:33
tricoro,neu,NIENTE,少年ラジオ,0,0,0,0,0,---,NO PLAY,---,6,0,0,0,---,EASY CLEAR,---,10,0,0,0,---,NO PLAY,---,12,0,0,0,---,NO PLAY,---,0,0,0,0,---,NO PLAY,---,2025-09-17 21:25
tricoro,planarian,ELECTRIC POP,S-C-U,0,0,0,0,0,---,NO PLAY,---,4,0,0,0,---,FAILED,---,8,0,0,0,---,NO PLAY,---,11,0,0,0,---,NO PLAY,---,0,0,0,0,---,NO PLAY,---,2025-09-17 21:25
tricoro,Reflection Into the EDEN,BOSSA ELECTRONICA,猫叉Master,0,0,0,0,0,---,NO PLAY,---,5,0,0,0,---,NO PLAY,---,7,0,0,0,---,EASY CLEAR,---,10,0,0,0,---,NO PLAY,---,0,0,0,0,---,NO PLAY,---,2025-09-17 21:25
tricoro,rumrum triplets,LOUNGECORE,yu_tokiwa.djw,0,0,0,0,0,---,NO PLAY,---,5,0,0,0,---,FAILED,---,10,0,0,0,---,NO PLAY,---,12,0,0,0,---,NO PLAY,---,0,0,0,0,---,NO PLAY,---,2025-09-17 21:25
tricoro,ΕΛΠΙΣ,ROMANTIC SCHOOL VARIATIONS,dj TAKA,1,0,0,0,0,---,NO PLAY,---,6,938,430,78,19,HARD CLEAR,AA,10,0,0,0,---,NO PLAY,---,12,0,0,0,---,NO PLAY,---,12,0,0,0,---,NO PLAY,---,2025-12-11 18:23
tricoro,†渚の小悪魔ラヴリィ～レイディオ†(IIDX EDIT),Hi-CORE,夏色ビキニのPrim,0,0,0,0,0,---,NO PLAY,---,3,0,0,0,---,EASY CLEAR,---,9,0,0,0,---,NO PLAY,---,12,0,0,0,---,NO PLAY,---,0,0,0,0,---,NO PLAY,---,2025-09-17 21:25
tricoro,仮想空間の旅人たち,TECHNO,DJ MURASAME,0,0,0,0,0,---,NO PLAY,---,5,0,0,0,---,NO PLAY,---,8,0,0,0,---,FAILED,---,11,0,0,0,---,NO PLAY,---,12,0,0,0,---,NO PLAY,---,2025-09-17 21:25
SPADA,BRAVE OUT,ELECTRANCE,nomico / DOWNFORCE,1,0,0,0,0,---,NO PLAY,---,5,0,0,0,---,NO PLAY,---,9,1214,481,252,67,EASY CLEAR,B,11,0,0,0,---,NO PLAY,---,0,0,0,0,---,NO PLAY,---,2026-01-14 17:50
SPADA,Claiomh Solais,ILUZIO,DJ Yoshitaka VS S.S.D.,0,0,0,0,0,---,NO PLAY,---,2,0,0,0,---,HARD CLEAR,---,8,0,0,0,---,NO PLAY,---,10,0,0,0,---,NO PLAY,---,0,0,0,0,---,NO PLAY,---,2025-09-17 21:25
SPADA,Element of SPADA,HEALING POP,猫叉Master feat.霜月はるか,0,0,0,0,0,---,NO PLAY,---,3,0,0,0,---,EASY CLEAR,---,6,0,0,0,---,NO PLAY,---,9,0,0,0,---,NO PLAY,---,11,0,0,0,---,NO PLAY,---,2025-09-17 21:25
SPADA,Hypersonik,DRUM&BASS,Eagle,0,0,0,0,0,---,NO PLAY,---,5,0,0,0,---,NO PLAY,---,8,0,0,0,---,FAILED,---,11,0,0,0,---,NO PLAY,---,0,0,0,0,---,NO PLAY,---,2025-09-17 21:25
SPADA,Idola,REPLICANT CORE,iconoclasm feat.GUMI,0,0,0,0,0,---,NO PLAY,---,6,0,0,0,---,EASY CLEAR,---,10,0,0,0,---,NO PLAY,---,12,0,0,0,---,NO PLAY,---,0,0,0,0,---,NO PLAY,---,2025-09-17 21:25
SPADA,KHAMEN BREAK,PROGRESSIVE GOSPEL,くふおー,0,0,0,0,0,---,NO PLAY,---,3,0,0,0,---,EASY CLEAR,---,8,0,0,0,---,NO PLAY,---,10,0,0,0,---,NO PLAY,---,0,0,0,0,---,NO PLAY,---,2025-09-17 21:25
SPADA,M.D.Injection,PIECED DOWNBEAT,Project B-,1,0,0,0,0,---,NO PLAY,---,5,757,352,53,5,HARD CLEAR,AAA,8,0,0,0,---,NO PLAY,---,11,0,0,0,---,NO PLAY,---,0,0,0,0,---,NO PLAY,---,2025-12-26 15:46
SPADA,Miracle 5ympho X,FRENCHCORE,USAO,1,0,0,0,0,---,NO PLAY,---,6,776,353,70,13,HARD CLEAR,AA,9,0,0,0,---,NO PLAY,---,11,0,0,0,---,NO PLAY,---,12,0,0,0,---,NO PLAY,---,2026-01-14 17:05
SPADA,THE DETONATOR,NU STYLE GABBA,teranoid VS L.E.D.-G,1,0,0,0,0,---,NO PLAY,---,8,1506,623,260,46,EASY CLEAR,A,9,0,0,0,---,NO PLAY,---,10,0,0,0,---,NO PLAY,---,0,0,0,0,---,NO PLAY,---,2025-12-27 17:00
SPADA,Verflucht,HARD NRG,Tyrfing,0,0,0,0,0,---,NO PLAY,---,7,0,0,0,---,EASY CLEAR,---,10,0,0,0,---,NO PLAY,---,12,0,0,0,---,NO PLAY,---,12,0,0,0,---,NO PLAY,---,2025-09-17 21:25
SPADA,廿,新世紀進歩的羽扇子音楽,DJ TECHNORCH,0,0,0,0,0,---,NO PLAY,---,5,0,0,0,---,NO PLAY,---,8,0,0,0,---,FAILED,---,10,0,0,0,---,NO PLAY,---,12,0,0,0,---,NO PLAY,---,2025-09-17 21:25
SPADA,海神,HYDRO CORE,兎々,0,0,0,0,0,---,NO PLAY,---,7,0,0,0,---,EASY CLEAR,---,10,0,0,0,---,NO PLAY,---,12,0,0,0,---,NO PLAY,---,12,0,0,0,---,NO PLAY,---,2025-09-17 21:25
SPADA,超!!遠距離らぶメ～ル,乙女EDM,ななひら,1,0,0,0,0,---,NO PLAY,---,4,0,0,0,---,NO PLAY,---,7,1384,613,158,43,EASY CLEAR,AA,11,0,0,0,---,NO PLAY,---,0,0,0,0,---,NO PLAY,---,2025-12-26 15:43
PENDUAL,BLUE MIRAGE,NU STYLE GABBA,DJ CHUCKY,0,0,0,0,0,---,NO PLAY,---,5,0,0,0,---,FAILED,---,9,0,0,0,---,NO PLAY,---,11,0,0,0,---,NO PLAY,---,0,0,0,0,---,NO PLAY,---,2025-09-17 21:25
PENDUAL,chrono diver -fragment-,HEALING DRUM'N'BASS,猫叉Master feat.三澤 秋,3,0,0,0,0,---,NO PLAY,---,3,0,0,0,---,EASY CLEAR,---,6,0,0,0,---,NO PLAY,---,9,1458,644,170,40,EASY CLEAR,AA,10,0,0,0,---,NO PLAY,---,2026-01-14 19:04
PENDUAL,COLOSSEUM,LOST GROUND,劇団レコード,0,0,0,0,0,---,NO PLAY,---,4,0,0,0,---,NO PLAY,---,8,0,0,0,---,NO PLAY,---,10,0,0,0,---,NO PLAY,---,0,0,0,0,---,NO PLAY,---,2025-09-17 21:25
PENDUAL,Cosmic Cat,FUTURE BASS,8bit Moonside,0,0,0,0,0,---,NO PLAY,---,6,0,0,0,---,NO PLAY,---,8,0,0,0,---,EASY CLEAR,---,10,0,0,0,---,NO PLAY,---,12,0,0,0,---,NO PLAY,---,2025-09-17 21:25
PENDUAL,entelecheia,SACRED TRANCE,Rche,0,0,0,0,0,---,NO PLAY,---,7,0,0,0,---,EASY CLEAR,---,10,0,0,0,---,NO PLAY,---,12,0,0,0,---,NO PLAY,---,0,0,0,0,---,NO PLAY,---,2025-09-17 21:25
PENDUAL,Erosion Mark,FALLIN APART CORE,kors k REASM Des-ROW,0,0,0,0,0,---,NO PLAY,---,4,0,0,0,---,NO PLAY,---,8,0,0,0,---,FAILED,---,11,0,0,0,---,NO PLAY,---,0,0,0,0,---,NO PLAY,---,2025-09-17 21:25
PENDUAL,Hello Happiness,HAPPY HARDCORE,P*Light feat. mow*2,1,0,0,0,0,---,NO PLAY,---,5,699,304,91,14,HARD CLEAR,AA,8,0,0,0,---,NO PLAY,---,11,0,0,0,---,NO PLAY,---,0,0,0,0,---,NO PLAY,---,2025-12-26 17:14
PENDUAL,illuminate,SYNTHETIC EDM,Sota Fujimori,0,0,0,0,0,---,NO PLAY,---,3,0,0,0,---,EASY CLEAR,---,9,0,0,0,---,NO PLAY,---,11,0,0,0,---,NO PLAY,---,0,0,0,0,---,NO PLAY,---,2025-09-17 21:25
PENDUAL,No Tears,HARD EDM,RoughSketch feat.Aikapin,0,0,0,0,0,---,NO PLAY,---,6,0,0,0,---,EASY CLEAR,---,9,0,0,0,---,NO PLAY,---,10,0,0,0,---,NO PLAY,---,0,0,0,0,---,NO PLAY,---,2025-09-17 21:25
PENDUAL,TA・DA ☆ YO・SHI,EUROBEAT,Y&Co.,0,0,0,0,0,---,NO PLAY,---,5,0,0,0,---,EASY CLEAR,---,8,0,0,0,---,NO PLAY,---,10,0,0,0,---,NO PLAY,---,0,0,0,0,---,NO PLAY,---,2025-09-17 21:25
PENDUAL,ベィスドロップ・フリークス,A-STYLE DRUMSTEP,かめりあ feat. ななひら,0,0,0,0,0,---,NO PLAY,---,4,0,0,0,---,HARD CLEAR,---,7,0,0,0,---,EASY CLEAR,---,11,0,0,0,---,NO PLAY,---,11,0,0,0,---,NO PLAY,---,2025-09-17 21:25
PENDUAL,リリーゼと炎龍レーヴァテイン,OLDSTYLE GAMEMUSIC,黒猫ダンジョン,0,0,0,0,0,---,NO PLAY,---,6,0,0,0,---,FAILED,---,10,0,0,0,---,NO PLAY,---,12,0,0,0,---,NO PLAY,---,0,0,0,0,---,NO PLAY,---,2025-09-17 21:25
PENDUAL,共鳴遊戯の華,ASTRAL DRUM & BASS,アイテール魔導士隊,0,0,0,0,0,---,NO PLAY,---,7,0,0,0,---,EASY CLEAR,---,10,0,0,0,---,NO PLAY,---,12,0,0,0,---,NO PLAY,---,0,0,0,0,---,NO PLAY,---,2025-09-17 21:25
PENDUAL,妖隠し -あやかしかくし-,DRUM'N'WALTZ,DJ TOTTO feat.3L,1,0,0,0,0,---,NO PLAY,---,6,0,0,0,---,NO PLAY,---,8,1354,580,194,28,EASY CLEAR,AA,11,0,0,0,---,NO PLAY,---,0,0,0,0,---,NO PLAY,---,2026-01-08 18:38
PENDUAL,白露の風,想歌 風,Qrispy Joybox feat. 常盤ゆう,0,0,0,0,0,---,NO PLAY,---,2,0,0,0,---,HARD CLEAR,---,6,0,0,0,---,NO PLAY,---,9,0,0,0,---,NO PLAY,---,0,0,0,0,---,NO PLAY,---,2025-09-17 21:25
PENDUAL,超青少年ノ為ノ超多幸ナ超古典的超舞曲,PIECED EUPHORIA,Project B-,1,0,0,0,0,---,NO PLAY,---,6,0,0,0,---,NO PLAY,---,8,1299,522,255,82,NO PLAY,A,12,0,0,0,---,NO PLAY,---,12,0,0,0,---,NO PLAY,---,2025-12-11 19:22
copula,Acid Pumper,HARD DANCE,ni-21,0,0,0,0,0,---,NO PLAY,---,5,0,0,0,---,EASY CLEAR,---,9,0,0,0,---,NO PLAY,---,11,0,0,0,---,NO PLAY,---,0,0,0,0,---,NO PLAY,---,2025-09-17 21:25
copula,AO-1,DANCE EXPRESS,電龍,0,0,0,0,0,---,NO PLAY,---,7,0,0,0,---,EASY CLEAR,---,10,0,0,0,---,NO PLAY,---,12,0,0,0,---,NO PLAY,---,0,0,0,0,---,NO PLAY,---,2025-09-17 21:25
copula,CODE:1 [revision1.0.1],TECHNO,HEXA,0,0,0,0,0,---,NO PLAY,---,5,0,0,0,---,HARD CLEAR,---,9,0,0,0,---,NO PLAY,---,12,0,0,0,---,NO PLAY,---,0,0,0,0,---,NO PLAY,---,2025-09-17 21:25
copula,Damage Per Second,CYBER DRUMSTEP,Maozon,0,0,0,0,0,---,NO PLAY,---,4,0,0,0,---,NO PLAY,---,7,0,0,0,---,EASY CLEAR,---,10,0,0,0,---,NO PLAY,---,11,0,0,0,---,NO PLAY,---,2025-09-17 21:25
copula,Dynamite,HYBRID TWERK,USAO,1,0,0,0,0,---,NO PLAY,---,8,0,0,0,---,EASY CLEAR,---,10,1548,596,356,134,FAILED,B,12,0,0,0,---,NO PLAY,---,0,0,0,0,---,NO PLAY,---,2026-01-14 18:43
copula,GENERATE feat.綾倉盟,ELECTRONIC DANCE,Masayoshi Minoshima,0,0,0,0,0,---,NO PLAY,---,5,0,0,0,---,NO PLAY,---,8,0,0,0,---,NO PLAY,---,10,0,0,0,---,NO PLAY,---,0,0,0,0,---,NO PLAY,---,2025-09-17 21:25
copula,Inner Spirit,HiTECH FULLON,lapix,0,0,0,0,0,---,NO PLAY,---,5,0,0,0,---,NO PLAY,---,8,0,0,0,---,FAILED,---,11,0,0,0,---,NO PLAY,---,0,0,0,0,---,NO PLAY,---,2025-09-17 21:25
copula,On the FM,RADIO SHOWCASE,C-Show,0,0,0,0,0,---,NO PLAY,---,6,0,0,0,---,NO PLAY,---,8,0,0,0,---,NO PLAY,---,11,0,0,0,---,NO PLAY,---,0,0,0,0,---,NO PLAY,---,2025-09-17 21:25
copula,quick master (reform version),J-TEKNO,youhei shimizu,0,0,0,0,0,---,NO PLAY,---,1,0,0,0,---,HARD CLEAR,---,5,0,0,0,---,NO PLAY,---,6,0,0,0,---,NO PLAY,---,0,0,0,0,---,NO PLAY,---,2025-09-17 21:25
copula,Super Duper Racers,HARDCORE,kors k & Numb'n'dub,0,0,0,0,0,---,NO PLAY,---,5,0,0,0,---,NO PLAY,---,8,0,0,0,---,EASY CLEAR,---,10,0,0,0,---,NO PLAY,---,0,0,0,0,---,NO PLAY,---,2025-09-17 21:25
copula,Uh-Oh,CANDY RAVE,kors k,0,0,0,0,0,---,NO PLAY,---,5,0,0,0,---,FAILED,---,8,0,0,0,---,NO PLAY,---,10,0,0,0,---,NO PLAY,---,0,0,0,0,---,NO PLAY,---,2025-09-17 21:25
copula,Violet Pulse,GLITCH ELECTRO,G.K,0,0,0,0,0,---,NO PLAY,---,2,0,0,0,---,HARD CLEAR,---,8,0,0,0,---,NO PLAY,---,10,0,0,0,---,NO PLAY,---,12,0,0,0,---,NO PLAY,---,2025-09-17 21:25
copula,オルタネイトβ,HYPER J-POP,Xceon feat. Mayumi Morinaga,0,0,0,0,0,---,NO PLAY,---,4,0,0,0,---,NO PLAY,---,7,0,0,0,---,EASY CLEAR,---,10,0,0,0,---,NO PLAY,---,0,0,0,0,---,NO PLAY,---,2025-09-17 21:25
copula,灼熱 Pt.2 Long Train Running,BROKEN SAMBA BREAK,DJ Mass MAD Izm*,1,0,0,0,0,---,NO PLAY,---,7,1070,435,200,13,HARD CLEAR,AA,11,0,0,0,---,NO PLAY,---,12,0,0,0,---,NO PLAY,---,0,0,0,0,---,NO PLAY,---,2025-12-24 14:39
copula,真 地獄超特急 -HELL or HELL-,新世紀進歩的羽扇子音楽,DJ TECHNORCH Vs. L.E.D.Light-G,1,0,0,0,0,---,NO PLAY,---,7,1180,479,222,23,HARD CLEAR,A,11,0,0,0,---,NO PLAY,---,12,0,0,0,---,NO PLAY,---,0,0,0,0,---,NO PLAY,---,2025-12-30 22:35
SINOBUZ,!Viva!,TRIBAL HOUSE,Ryu*,0,0,0,0,0,---,NO PLAY,---,4,0,0,0,---,NO PLAY,---,9,0,0,0,---,NO PLAY,---,11,0,0,0,---,NO PLAY,---,0,0,0,0,---,NO PLAY,---,2025-09-17 21:25
SINOBUZ,#MAGiCVLGiRL_TRVP_B3VTZ,NEON/TWERKCORE,DJ Noriken,1,0,0,0,0,---,NO PLAY,---,6,1046,474,98,10,HARD CLEAR,AA,9,0,0,0,---,NO PLAY,---,11,0,0,0,---,NO PLAY,---,0,0,0,0,---,NO PLAY,---,2026-01-01 22:12
SINOBUZ,Apocalypse,EPIC D'N'B,Morrigan feat. リリィ,0,0,0,0,0,---,NO PLAY,---,5,0,0,0,---,FAILED,---,9,0,0,0,---,NO PLAY,---,12,0,0,0,---,NO PLAY,---,0,0,0,0,---,NO PLAY,---,2025-09-17 21:25
SINOBUZ,Be A Star,ALTERNATIVE TECHNO POP,PHQUASE feat.ぁゅ,0,0,0,0,0,---,NO PLAY,---,5,0,0,0,---,FAILED,---,8,0,0,0,---,FAILED,---,11,0,0,0,---,NO PLAY,---,0,0,0,0,---,NO PLAY,---,2025-09-17 21:25
SINOBUZ,Beyond The Seven,TRANCE,Nhato,0,0,0,0,0,---,NO PLAY,---,4,0,0,0,---,NO PLAY,---,8,0,0,0,---,NO PLAY,---,11,0,0,0,---,NO PLAY,---,0,0,0,0,---,NO PLAY,---,2025-09-17 21:25
SINOBUZ,Breakin' Chain,MOOMBAHCORE,REDALiCE feat. MONICO,0,0,0,0,0,---,NO PLAY,---,5,0,0,0,---,EASY CLEAR,---,8,0,0,0,---,NO PLAY,---,11,0,0,0,---,NO PLAY,---,0,0,0,0,---,NO PLAY,---,2025-09-17 21:25
SINOBUZ,Caterpillar,HARD TRAP,Eagle,1,0,0,0,0,---,NO PLAY,---,6,1096,496,104,15,HARD CLEAR,AA,10,0,0,0,---,NO PLAY,---,12,0,0,0,---,NO PLAY,---,0,0,0,0,---,NO PLAY,---,2025-12-26 17:03
SINOBUZ,crew,ANTHEM,beatnation Records,0,0,0,0,0,---,NO PLAY,---,4,0,0,0,---,NO PLAY,---,9,0,0,0,---,NO PLAY,---,11,0,0,0,---,NO PLAY,---,0,0,0,0,---,NO PLAY,---,2025-09-17 21:25
SINOBUZ,Egret and Willow,FUTURE BEATS,Dirty Androids,2,0,0,0,0,---,NO PLAY,---,6,0,0,0,---,NO PLAY,---,8,1180,468,244,59,NO PLAY,A,11,0,0,0,---,NO PLAY,---,0,0,0,0,---,NO PLAY,---,2025-12-19 15:40
SINOBUZ,FUZIN RIZIN,HYPER DIGIMETAL,SOUND HOLIC feat. Nana Takahashi & 709sec.,1,0,0,0,0,---,NO PLAY,---,6,1126,498,130,15,NO PLAY,AA,9,0,0,0,---,NO PLAY,---,12,0,0,0,---,NO PLAY,---,0,0,0,0,---,NO PLAY,---,2025-12-11 18:41
SINOBUZ,Honey Trap,HYPER TRAP,Expander,1,0,0,0,0,---,NO PLAY,---,5,0,0,0,---,NO PLAY,---,8,1171,466,239,35,EASY CLEAR,A,11,0,0,0,---,NO PLAY,---,0,0,0,0,---,NO PLAY,---,2026-01-08 18:11
SINOBUZ,Macuilxochitl,PIANO CONTEMPORARY,TOMOSUKE,1,0,0,0,0,---,NO PLAY,---,7,1103,456,191,39,NO PLAY,A,10,0,0,0,---,NO PLAY,---,11,0,0,0,---,NO PLAY,---,0,0,0,0,---,NO PLAY,---,2025-12-11 19:15
SINOBUZ,Magical,KAWAII FUTURE BASS,Snail's House,0,0,0,0,0,---,NO PLAY,---,4,0,0,0,---,NO PLAY,---,6,0,0,0,---,NO PLAY,---,10,0,0,0,---,NO PLAY,---,0,0,0,0,---,NO PLAY,---,2025-09-17 21:25
SINOBUZ,OOO,BUBBLEGUM DANCE,Ryu☆ feat.moimoi,1,0,0,0,0,---,NO PLAY,---,3,0,0,0,---,NO PLAY,---,7,1035,437,161,67,EASY CLEAR,A,10,0,0,0,---,NO PLAY,---,0,0,0,0,---,NO PLAY,---,2025-12-11 18:11
SINOBUZ,PAPAYAPA BASS,MONDO-GROOVE BASSHOUSE,かめりあ feat. ななひら,1,0,0,0,0,---,NO PLAY,---,5,0,0,0,---,NO PLAY,---,8,1213,503,207,45,EASY CLEAR,A,11,0,0,0,---,NO PLAY,---,0,0,0,0,---,NO PLAY,---,2026-01-14 18:19
SINOBUZ,SAMURAI-Scramble,TECH BREAKBEATS,DJ Mass MAD Izm*,1,0,0,0,0,---,NO PLAY,---,6,0,0,0,---,NO PLAY,---,9,1385,549,287,31,EASY CLEAR,A,11,0,0,0,---,NO PLAY,---,12,0,0,0,---,NO PLAY,---,2025-12-24 14:45
SINOBUZ,Sky High,ANTHEM,Cuvelia,0,0,0,0,0,---,NO PLAY,---,6,0,0,0,---,EASY CLEAR,---,10,0,0,0,---,NO PLAY,---,12,0,0,0,---,NO PLAY,---,0,0,0,0,---,NO PLAY,---,2025-09-17 21:25
SINOBUZ,Vermilion,HARD HOUSE,Remo-con,1,0,0,0,0,---,NO PLAY,---,5,0,0,0,---,NO PLAY,---,8,0,0,0,---,NO PLAY,---,10,1069,421,227,235,FAILED,C,0,0,0,0,---,NO PLAY,---,2026-01-08 19:00
SINOBUZ,XINOBIKILL,CYBER JAZZSTEP,SOUND HOLIC feat. Nana Takahashi,0,0,0,0,0,---,NO PLAY,---,5,0,0,0,---,NO PLAY,---,9,0,0,0,---,NO PLAY,---,11,0,0,0,---,NO PLAY,---,0,0,0,0,---,NO PLAY,---,2025-09-17 21:25
SINOBUZ,ちらちら・はらはら,ACEDIA,NU-KO,0,0,0,0,0,---,NO PLAY,---,2,0,0,0,---,HARD CLEAR,---,5,0,0,0,---,NO PLAY,---,7,0,0,0,---,NO PLAY,---,0,0,0,0,---,NO PLAY,---,2025-09-17 21:25
SINOBUZ,冬椿 ft. Kanae Asaba,HYPER ENKA POP,Xceon,0,0,0,0,0,---,NO PLAY,---,5,0,0,0,---,EASY CLEAR,---,7,0,0,0,---,NO PLAY,---,10,0,0,0,---,NO PLAY,---,11,0,0,0,---,NO PLAY,---,2025-09-17 21:25
SINOBUZ,獅子霞麗ノ舞,DRAMATIC WALTZ,HuΣeR,0,0,0,0,0,---,NO PLAY,---,3,0,0,0,---,EASY CLEAR,---,6,0,0,0,---,NO PLAY,---,9,0,0,0,---,NO PLAY,---,0,0,0,0,---,NO PLAY,---,2025-09-17 21:25
CANNON BALLERS,AA -rebuild-,RENAISSANCE,D.J.Amuro,0,0,0,0,0,---,NO PLAY,---,7,0,0,0,---,EASY CLEAR,---,10,0,0,0,---,NO PLAY,---,12,0,0,0,---,NO PLAY,---,0,0,0,0,---,NO PLAY,---,2025-09-17 21:25
CANNON BALLERS,Alpheratz,PIANO TRANCE,Xceon,0,0,0,0,0,---,NO PLAY,---,3,0,0,0,---,EASY CLEAR,---,5,0,0,0,---,NO PLAY,---,9,0,0,0,---,NO PLAY,---,0,0,0,0,---,NO PLAY,---,2025-09-17 21:25
CANNON BALLERS,ANCHOR,STYLISH CROSSOVER,BEMANI Sound Team "HuΣeR Vs. SYUNN",0,0,0,0,0,---,NO PLAY,---,7,0,0,0,---,EASY CLEAR,---,10,0,0,0,---,NO PLAY,---,12,0,0,0,---,NO PLAY,---,0,0,0,0,---,NO PLAY,---,2025-09-17 21:25
CANNON BALLERS,Around the Future,CYBERCORE,Maozon vs. C-Show,1,0,0,0,0,---,NO PLAY,---,6,871,379,113,25,NO PLAY,A,9,0,0,0,---,NO PLAY,---,11,0,0,0,---,NO PLAY,---,0,0,0,0,---,NO PLAY,---,2025-12-11 18:47
CANNON BALLERS,EMERALDAS,IRREGULAR DJENT STEP,BEMANI Sound Team "HuΣeR vs dj Hellix",0,0,0,0,0,---,NO PLAY,---,7,0,0,0,---,EASY CLEAR,---,11,0,0,0,---,NO PLAY,---,12,0,0,0,---,NO PLAY,---,0,0,0,0,---,NO PLAY,---,2025-09-17 21:25
CANNON BALLERS,Hella Deep,FREESTYLE,MASAYOSHI IIMORI,0,0,0,0,0,---,NO PLAY,---,4,0,0,0,---,NO PLAY,---,8,0,0,0,---,EASY CLEAR,---,10,0,0,0,---,NO PLAY,---,0,0,0,0,---,NO PLAY,---,2025-09-17 21:25
CANNON BALLERS,LUV DRIVE,POPCORE,RoughSketch feat.Aikapin,0,0,0,0,0,---,NO PLAY,---,5,0,0,0,---,NO PLAY,---,7,0,0,0,---,EASY CLEAR,---,10,0,0,0,---,NO PLAY,---,0,0,0,0,---,NO PLAY,---,2025-09-17 21:25
CANNON BALLERS,Nothing but Theory,ULTRA JAZZFUNKTION,lapix,1,0,0,0,0,---,NO PLAY,---,6,0,0,0,---,NO PLAY,---,9,1263,516,231,55,EASY CLEAR,A,11,0,0,0,---,NO PLAY,---,0,0,0,0,---,NO PLAY,---,2026-01-08 18:49
CANNON BALLERS,Static State,ELECTRO TRANCE,Nhato,0,0,0,0,0,---,NO PLAY,---,6,0,0,0,---,EASY CLEAR,---,9,0,0,0,---,NO PLAY,---,10,0,0,0,---,NO PLAY,---,0,0,0,0,---,NO PLAY,---,2025-09-17 21:25
CANNON BALLERS,Temple of Anubis,PSYSTYLE,Massive New Krew,0,0,0,0,0,---,NO PLAY,---,5,0,0,0,---,EASY CLEAR,---,8,0,0,0,---,NO PLAY,---,11,0,0,0,---,NO PLAY,---,0,0,0,0,---,NO PLAY,---,2025-09-17 21:25
CANNON BALLERS,エディブルフラワーの独白,HARD FRENCH,OSTER project feat. 常盤ゆう,1,0,0,0,0,---,NO PLAY,---,4,0,0,0,---,NO PLAY,---,8,1116,450,216,58,EASY CLEAR,A,10,0,0,0,---,NO PLAY,---,0,0,0,0,---,NO PLAY,---,2025-12-24 13:37
CANNON BALLERS,バスルーム ロマンス,CLASSIC MOTIF,BEMANI Sound Team "Saori Watanabe",0,0,0,0,0,---,NO PLAY,---,5,0,0,0,---,NO PLAY,---,8,0,0,0,---,EASY CLEAR,---,10,0,0,0,---,NO PLAY,---,0,0,0,0,---,NO PLAY,---,2025-09-17 21:25
CANNON BALLERS,ラストセンチュリーメランコリック,FUTURE J-POP,DJ Taku aka ☆Taku Takahashi (m-flo),0,0,0,0,0,---,NO PLAY,---,5,0,0,0,---,NO PLAY,---,8,0,0,0,---,FAILED,---,11,0,0,0,---,NO PLAY,---,0,0,0,0,---,NO PLAY,---,2025-09-17 21:25
CANNON BALLERS,共犯ヘヴンズコード,ELEGANT SWING,D-Evoke（与那嶺雅人/小日向翔）,0,0,0,0,0,---,NO PLAY,---,3,0,0,0,---,NO PLAY,---,7,0,0,0,---,NO PLAY,---,10,0,0,0,---,NO PLAY,---,0,0,0,0,---,NO PLAY,---,2025-09-17 21:25
CANNON BALLERS,神謳 -RESONANCE-,Hi-MYTH,SOUND HOLIC feat. Nana Takahashi Vs.GOD PHOENIX Prim,1,0,0,0,0,---,NO PLAY,---,7,1258,575,108,20,HARD CLEAR,AA,10,0,0,0,---,NO PLAY,---,12,0,0,0,---,NO PLAY,---,0,0,0,0,---,NO PLAY,---,2025-12-26 15:25
Rootage,50th Memorial Songs -二人の時 ～under the cherry blossoms～-,ANNIVERSARY,BEMANI Sound Team,1,0,0,0,0,---,NO PLAY,---,5,1117,508,101,12,NO PLAY,AAA,8,0,0,0,---,NO PLAY,---,10,0,0,0,---,NO PLAY,---,0,0,0,0,---,NO PLAY,---,2025-12-11 18:34
Rootage,Afterimage d'automne,ASYMMETRY ART,BEMANI Sound Team "猫叉劇団",1,0,0,0,0,---,NO PLAY,---,6,0,0,0,---,NO PLAY,---,9,1429,610,209,24,EASY CLEAR,AA,12,0,0,0,---,NO PLAY,---,0,0,0,0,---,NO PLAY,---,2026-01-14 18:22
Rootage,Catch Our Fire!,MARVELOUS CHEER,中島由貴,1,0,0,0,0,---,NO PLAY,---,6,1130,484,162,9,EASY CLEAR,AA,10,0,0,0,---,NO PLAY,---,12,0,0,0,---,NO PLAY,---,0,0,0,0,---,NO PLAY,---,2025-12-30 22:10
Rootage,Drastic Dramatic,8BARS,KING & Princess,1,0,0,0,0,---,NO PLAY,---,7,1100,449,202,39,NO PLAY,A,10,0,0,0,---,NO PLAY,---,12,0,0,0,---,NO PLAY,---,0,0,0,0,---,NO PLAY,---,2025-12-11 18:52
Rootage,GENE,TECHNO GRAFFITI,VINCENT GANATCH,0,0,0,0,0,---,NO PLAY,---,7,0,0,0,---,EASY CLEAR,---,9,0,0,0,---,NO PLAY,---,12,0,0,0,---,NO PLAY,---,0,0,0,0,---,NO PLAY,---,2025-09-17 21:25
Rootage,IDC feat.REVERBEE (Mo'Cuts Ver),TECH-BREAKS,DJ Mass MAD Izm*,1,0,0,0,0,---,NO PLAY,---,7,867,333,201,9,EASY CLEAR,AA,10,0,0,0,---,NO PLAY,---,11,0,0,0,---,NO PLAY,---,0,0,0,0,---,NO PLAY,---,2025-12-24 14:36
Rootage,LADYBIRD,GLITCH HOP,YUC'e,0,0,0,0,0,---,NO PLAY,---,7,0,0,0,---,EASY CLEAR,---,9,0,0,0,---,NO PLAY,---,11,0,0,0,---,NO PLAY,---,0,0,0,0,---,NO PLAY,---,2025-09-17 21:25
Rootage,Let me be your cure,ELECTRIC DANCE ROCK,Pizuya's Cell,1,0,0,0,0,---,NO PLAY,---,5,0,0,0,---,NO PLAY,---,8,1314,566,182,70,EASY CLEAR,A,10,0,0,0,---,NO PLAY,---,0,0,0,0,---,NO PLAY,---,2026-01-14 17:18
Rootage,Level One,Drumstep / DnB,Yamato,1,0,0,0,0,---,NO PLAY,---,7,1226,504,218,15,EASY CLEAR,AA,10,0,0,0,---,NO PLAY,---,12,0,0,0,---,NO PLAY,---,0,0,0,0,---,NO PLAY,---,2025-12-24 15:02
Rootage,OVER TIME,ELECTRO POP,空中分解feat.アンテナガール,0,0,0,0,0,---,NO PLAY,---,3,0,0,0,---,NO PLAY,---,6,0,0,0,---,NO PLAY,---,9,0,0,0,---,NO PLAY,---,0,0,0,0,---,NO PLAY,---,2025-09-17 21:25
Rootage,Painful Fate,DRUM'N'BASS,BEMANI Sound Team "猫叉Master",0,0,0,0,0,---,NO PLAY,---,7,0,0,0,---,EASY CLEAR,---,10,0,0,0,---,NO PLAY,---,12,0,0,0,---,NO PLAY,---,0,0,0,0,---,NO PLAY,---,2025-09-17 21:25
Rootage,Red. by Jack Trance,TECH-BREAKS,DJ Mass MAD Izm*,1,0,0,0,0,---,NO PLAY,---,7,1146,458,230,23,EASY CLEAR,AA,10,0,0,0,---,NO PLAY,---,12,0,0,0,---,NO PLAY,---,0,0,0,0,---,NO PLAY,---,2025-12-24 14:55
Rootage,Technicolour Dreams,HDM,DUNE & M-Project & GUHROOVY,0,0,0,0,0,---,NO PLAY,---,5,0,0,0,---,EASY CLEAR,---,8,0,0,0,---,NO PLAY,---,10,0,0,0,---,NO PLAY,---,0,0,0,0,---,NO PLAY,---,2025-09-17 21:25
Rootage,toy boxer,BOXINGCORE,BEMANI Sound Team "S-C-U & SYUNN",0,0,0,0,0,---,NO PLAY,---,4,0,0,0,---,HARD CLEAR,---,8,0,0,0,---,NO PLAY,---,10,0,0,0,---,NO PLAY,---,0,0,0,0,---,NO PLAY,---,2025-09-17 21:25
Rootage,ToyCube Pf.(RX-Ver.S.P.L.),NEW AGE,高田雅史,0,0,0,0,0,---,NO PLAY,---,7,0,0,0,---,EASY CLEAR,---,9,0,0,0,---,NO PLAY,---,11,0,0,0,---,NO PLAY,---,0,0,0,0,---,NO PLAY,---,2025-09-17 21:25
Rootage,Urban Constellations,JAZZY FOOTWORK JUNGLE,Dirty Androids,1,0,0,0,0,---,NO PLAY,---,4,0,0,0,---,NO PLAY,---,8,1030,401,228,30,CLEAR,A,11,0,0,0,---,NO PLAY,---,0,0,0,0,---,NO PLAY,---,2025-12-24 15:16
Rootage,Wolf 1061,PIANO TRANCE,Xceon,1,0,0,0,0,---,NO PLAY,---,5,910,391,128,18,HARD CLEAR,AA,9,0,0,0,---,NO PLAY,---,11,0,0,0,---,NO PLAY,---,0,0,0,0,---,NO PLAY,---,2025-12-30 22:04
Rootage,X-DEN,ULTIΣATE COLLABORATION,T.Σ.Generation,0,0,0,0,0,---,NO PLAY,---,8,0,0,0,---,EASY CLEAR,---,11,0,0,0,---,NO PLAY,---,12,0,0,0,---,NO PLAY,---,0,0,0,0,---,NO PLAY,---,2025-09-17 21:25
Rootage,セカンドピアス,GIRLS ROCK,OSTER project feat. echo,0,0,0,0,0,---,NO PLAY,---,3,0,0,0,---,HARD CLEAR,---,6,0,0,0,---,NO PLAY,---,9,0,0,0,---,NO PLAY,---,0,0,0,0,---,NO PLAY,---,2025-09-17 21:25
Rootage,夏の匂い。キミの残像。 ft. Kanae Asaba,Re 90's J-DANCE POP,Xceon,1,0,0,0,0,---,NO PLAY,---,4,0,0,0,---,NO PLAY,---,8,1306,571,164,34,EASY CLEAR,AA,10,0,0,0,---,NO PLAY,---,0,0,0,0,---,NO PLAY,---,2026-01-01 22:30
Rootage,深愛のリグレット,PIANO J TRANCE POP,Xceon feat.Mayumi Morinaga,1,0,0,0,0,---,NO PLAY,---,4,0,0,0,---,NO PLAY,---,7,1109,518,73,10,HARD CLEAR,AAA,9,0,0,0,---,NO PLAY,---,0,0,0,0,---,NO PLAY,---,2025-12-26 14:58
Rootage,龍王の霊廟(Mausoleum Of The Primal Dragon),RETROSPECTIVE EPIC MUSIC,BEMANI Sound Team "黒猫ダンジョン",0,0,0,0,0,---,NO PLAY,---,5,0,0,0,---,HARD CLEAR,---,10,0,0,0,---,NO PLAY,---,11,0,0,0,---,NO PLAY,---,12,0,0,0,---,NO PLAY,---,2025-09-17 21:25
HEROIC VERSE,Advent Infamous,NEO DIGITAL FUTURE,Blacklolita,1,0,0,0,0,---,NO PLAY,---,5,0,0,0,---,EASY CLEAR,---,8,1213,507,199,60,EASY CLEAR,A,11,0,0,0,---,NO PLAY,---,0,0,0,0,---,NO PLAY,---,2026-01-08 19:03
HEROIC VERSE,And-RoiD,J-POP,Fujishiro feat.KNA,2,0,0,0,0,---,NO PLAY,---,4,0,0,0,---,EASY CLEAR,---,7,1053,463,127,55,EASY CLEAR,A,9,1186,483,220,138,FAILED,B,0,0,0,0,---,NO PLAY,---,2026-01-14 17:43
HEROIC VERSE,Double Dribble,FUNKY GABBER,lapix,0,0,0,0,0,---,NO PLAY,---,6,0,0,0,---,EASY CLEAR,---,10,0,0,0,---,NO PLAY,---,12,0,0,0,---,NO PLAY,---,0,0,0,0,---,NO PLAY,---,2025-09-17 21:25
HEROIC VERSE,EROICA,VERSE,BEMANI Sound Team "HERO",0,0,0,0,0,---,NO PLAY,---,7,0,0,0,---,EASY CLEAR,---,10,0,0,0,---,NO PLAY,---,12,0,0,0,---,NO PLAY,---,0,0,0,0,---,NO PLAY,---,2025-09-17 21:25
HEROIC VERSE,Everlasting Message,EPIC ORCHESTRA,ぺのれり,0,0,0,0,0,---,NO PLAY,---,7,0,0,0,---,EASY CLEAR,---,11,0,0,0,---,NO PLAY,---,12,0,0,0,---,NO PLAY,---,0,0,0,0,---,NO PLAY,---,2025-09-17 21:25
HEROIC VERSE,fairy cocktail,エレクトロニック/エレクトロニカ/ポップ,Tomggg,0,0,0,0,0,---,NO PLAY,---,3,0,0,0,---,EASY CLEAR,---,6,0,0,0,---,NO PLAY,---,8,0,0,0,---,NO PLAY,---,0,0,0,0,---,NO PLAY,---,2025-09-17 21:25
HEROIC VERSE,Hyper Drive feat. ぷにぷに電機,DANCE POP,パソコン音楽クラブ,0,0,0,0,0,---,NO PLAY,---,3,0,0,0,---,EASY CLEAR,---,7,0,0,0,---,NO PLAY,---,9,0,0,0,---,NO PLAY,---,0,0,0,0,---,NO PLAY,---,2025-09-17 21:25
HEROIC VERSE,Infinity Mirror,NEO 90's CINEMATIC TECHNO,Dirty Androids,0,0,0,0,0,---,NO PLAY,---,5,0,0,0,---,NO PLAY,---,8,0,0,0,---,EASY CLEAR,---,10,0,0,0,---,NO PLAY,---,0,0,0,0,---,NO PLAY,---,2025-09-17 21:25
HEROIC VERSE,Lords Of The Roundtable,PIANO BEAT MUSIC,DJ Mass MAD Izm* feat.REO,1,0,0,0,0,---,NO PLAY,---,6,0,0,0,---,NO PLAY,---,10,1191,435,321,51,EASY CLEAR,A,12,0,0,0,---,NO PLAY,---,0,0,0,0,---,NO PLAY,---,2026-01-05 22:24
HEROIC VERSE,Mel,DRUM'N'BASS,Applekid,2,0,0,0,0,---,NO PLAY,---,4,0,0,0,---,NO PLAY,---,7,0,0,0,---,EASY CLEAR,---,9,1364,555,254,98,FAILED,B,0,0,0,0,---,NO PLAY,---,2026-01-14 18:54
HEROIC VERSE,Nasty Techniques,Hi-TECH FULL ON,kors k,0,0,0,0,0,---,NO PLAY,---,5,0,0,0,---,EASY CLEAR,---,9,0,0,0,---,NO PLAY,---,11,0,0,0,---,NO PLAY,---,0,0,0,0,---,NO PLAY,---,2025-09-17 21:25
HEROIC VERSE,NEWALONE,INDUSTRIAL BASS,Masayoshi Iimori,0,0,0,0,0,---,NO PLAY,---,4,0,0,0,---,NO PLAY,---,7,0,0,0,---,NO PLAY,---,9,0,0,0,---,NO PLAY,---,0,0,0,0,---,NO PLAY,---,2025-09-17 21:25
HEROIC VERSE,Override,EUPHORIC HARDCORE,Nhato,1,0,0,0,0,---,NO PLAY,---,5,0,0,0,---,NO PLAY,---,8,1246,499,248,27,HARD CLEAR,A,11,0,0,0,---,NO PLAY,---,12,0,0,0,---,NO PLAY,---,2025-12-24 15:13
HEROIC VERSE,SCREW // owo // SCREW,TWERKCORE // uwu // BEATJUGGLE,かめりあ,1,0,0,0,0,---,NO PLAY,---,6,1026,468,90,7,HARD CLEAR,AAA,9,0,0,0,---,FAILED,---,12,0,0,0,---,NO PLAY,---,0,0,0,0,---,NO PLAY,---,2025-12-26 17:29
HEROIC VERSE,Silly Love,ELECTRO NU DISCO,DE DE MOUSE,1,0,0,0,0,---,NO PLAY,---,4,0,0,0,---,HARD CLEAR,---,8,966,378,210,39,EASY CLEAR,A,10,0,0,0,---,NO PLAY,---,0,0,0,0,---,NO PLAY,---,2025-12-11 18:26
HEROIC VERSE,Ska-sh All Neurons!!,A-STYLE NEURO+"スカ"+FUNK DRUMSTEP,かめりあ feat. ななひら,0,0,0,0,0,---,NO PLAY,---,4,0,0,0,---,NO PLAY,---,7,0,0,0,---,EASY CLEAR,---,10,0,0,0,---,NO PLAY,---,0,0,0,0,---,NO PLAY,---,2025-09-17 21:25
HEROIC VERSE,Smashing Wedge,HARDCORE,nora2r,0,0,0,0,0,---,NO PLAY,---,5,0,0,0,---,FAILED,---,10,0,0,0,---,NO PLAY,---,12,0,0,0,---,NO PLAY,---,0,0,0,0,---,NO PLAY,---,2025-09-17 21:25
HEROIC VERSE,Sparkle Smilin',TWINKLE POP,BEMANI Sound Team "Qrispy Joybox" feat.いちか,2,0,0,0,0,---,NO PLAY,---,4,0,0,0,---,NO PLAY,---,8,1200,530,140,32,NO PLAY,AA,11,0,0,0,---,NO PLAY,---,0,0,0,0,---,NO PLAY,---,2025-12-19 15:36
HEROIC VERSE,Theory,TRAP,YUTO,1,0,0,0,0,---,NO PLAY,---,5,0,0,0,---,NO PLAY,---,8,1129,460,209,18,EASY CLEAR,A,11,0,0,0,---,NO PLAY,---,0,0,0,0,---,NO PLAY,---,2026-01-08 18:41
HEROIC VERSE,VIBRΛ,EMO STEP,Nhato Vs. MK,0,0,0,0,0,---,NO PLAY,---,5,0,0,0,---,NO PLAY,---,8,0,0,0,---,NO PLAY,---,10,0,0,0,---,NO PLAY,---,0,0,0,0,---,NO PLAY,---,2025-09-17 21:25
HEROIC VERSE,Virus Funk,PROGRESSIVE DISCO,Nhato,0,0,0,0,0,---,NO PLAY,---,5,0,0,0,---,EASY CLEAR,---,7,0,0,0,---,NO PLAY,---,10,0,0,0,---,NO PLAY,---,0,0,0,0,---,NO PLAY,---,2025-09-17 21:25
HEROIC VERSE,バッドエンド・シンドローム,PIANO CHRONICLE,アリスシャッハと魔法の楽団,1,0,0,0,0,---,NO PLAY,---,5,0,0,0,---,NO PLAY,---,9,1360,564,232,64,EASY CLEAR,A,11,0,0,0,---,NO PLAY,---,0,0,0,0,---,NO PLAY,---,2026-01-14 18:36
HEROIC VERSE,深淵に捧ぐレクイエム,CYBER REQUIEM,OSTER project,0,0,0,0,0,---,NO PLAY,---,5,0,0,0,---,HARD CLEAR,---,9,0,0,0,---,NO PLAY,---,12,0,0,0,---,NO PLAY,---,0,0,0,0,---,NO PLAY,---,2025-09-17 21:25
HEROIC VERSE,灼熱Beach Side Bunny (Masayoshi Iimori Remix),NRG,Remixed by Masayoshi Iimori,1,0,0,0,0,---,NO PLAY,---,4,0,0,0,---,NO PLAY,---,7,946,389,168,13,EASY CLEAR,AA,10,0,0,0,---,NO PLAY,---,0,0,0,0,---,NO PLAY,---,2025-12-19 16:34
HEROIC VERSE,錬成人間トリコロイダー,特撮ハードコア,DJ SHARPNEL feat. ￥Ｃｕスタ平,0,0,0,0,0,---,NO PLAY,---,5,0,0,0,---,NO PLAY,---,8,0,0,0,---,EASY CLEAR,---,11,0,0,0,---,NO PLAY,---,0,0,0,0,---,NO PLAY,---,2025-09-17 21:25
BISTROVER,Chewingood!!!,CHIP RAVE,TORIENA,0,0,0,0,0,---,NO PLAY,---,4,0,0,0,---,NO PLAY,---,7,0,0,0,---,EASY CLEAR,---,10,0,0,0,---,NO PLAY,---,0,0,0,0,---,NO PLAY,---,2025-09-17 21:25
BISTROVER,Crazy Jackpot,UK HARDCORE,Hommarju,0,0,0,0,0,---,NO PLAY,---,5,0,0,0,---,NO PLAY,---,9,0,0,0,---,NO PLAY,---,11,0,0,0,---,NO PLAY,---,0,0,0,0,---,NO PLAY,---,2025-09-17 21:25
BISTROVER,Explorer feat. ぷにぷに電機,DANCE POP,パソコン音楽クラブ,0,0,0,0,0,---,NO PLAY,---,5,0,0,0,---,HARD CLEAR,---,7,0,0,0,---,EASY CLEAR,---,10,0,0,0,---,NO PLAY,---,11,0,0,0,---,NO PLAY,---,2025-09-17 21:25
BISTROVER,Level 3,DRUMSTEP / DnB,Yamato,1,0,0,0,0,---,NO PLAY,---,6,0,0,0,---,NO PLAY,---,10,1495,543,409,96,FAILED,B,12,0,0,0,---,NO PLAY,---,0,0,0,0,---,NO PLAY,---,2025-12-24 14:52
BISTROVER,Ocean Blue feat. Luschel,HiTECH FUSION,lapix,0,0,0,0,0,---,NO PLAY,---,4,0,0,0,---,HARD CLEAR,---,7,0,0,0,---,EASY CLEAR,---,10,0,0,0,---,NO PLAY,---,0,0,0,0,---,NO PLAY,---,2025-09-17 21:25
BISTROVER,Overslept,DRUM'N'BASS,PARKGOLF,0,0,0,0,0,---,NO PLAY,---,6,0,0,0,---,FAILED,---,9,0,0,0,---,NO PLAY,---,11,0,0,0,---,NO PLAY,---,0,0,0,0,---,NO PLAY,---,2025-09-17 21:25
BISTROVER,Rejection Girl,STYLISH FUTURE,BEMANI Sound Team "HuΣeR",0,0,0,0,0,---,NO PLAY,---,5,0,0,0,---,FAILED,---,9,0,0,0,---,NO PLAY,---,11,0,0,0,---,NO PLAY,---,0,0,0,0,---,NO PLAY,---,2025-09-17 21:25
BISTROVER,Rubrum Piano,ACID LATIN JAZZ,Xceon,1,0,0,0,0,---,NO PLAY,---,5,808,352,104,18,HARD CLEAR,AA,9,0,0,0,---,NO PLAY,---,12,0,0,0,---,NO PLAY,---,0,0,0,0,---,NO PLAY,---,2025-12-26 15:13
BISTROVER,S-Bahn,DARK TECHNO,BEMANI Sound Team "DARK TRAIN",1,0,0,0,0,---,NO PLAY,---,5,0,0,0,---,NO PLAY,---,7,1145,456,233,30,EASY CLEAR,A,9,0,0,0,---,NO PLAY,---,0,0,0,0,---,NO PLAY,---,2025-12-19 15:14
BISTROVER,Tell me what you wish feat.らっぷびと,ROCK,Pizuya's Cell,1,0,0,0,0,---,NO PLAY,---,5,0,0,0,---,NO PLAY,---,8,1332,563,206,36,EASY CLEAR,A,11,0,0,0,---,NO PLAY,---,0,0,0,0,---,NO PLAY,---,2026-01-08 17:34
BISTROVER,That Feeling,SPEED HOUSE,Crayvxn,0,0,0,0,0,---,NO PLAY,---,4,0,0,0,---,HARD CLEAR,---,8,0,0,0,---,EASY CLEAR,---,10,0,0,0,---,NO PLAY,---,0,0,0,0,---,NO PLAY,---,2025-09-17 21:25
BISTROVER,バッド・スイーツ、バッド・ドリーム,.+:☆ BAD FUTURE ☆:+.,かめりあ feat. ななひら,1,0,0,0,0,---,NO PLAY,---,5,0,0,0,---,NO PLAY,---,9,1458,624,210,44,EASY CLEAR,AA,12,0,0,0,---,NO PLAY,---,0,0,0,0,---,NO PLAY,---,2026-01-08 19:06
BISTROVER,水鏡の異界,JAPANESE TECH BREAKS,BEMANI Sound Team "Coyaan",0,0,0,0,0,---,NO PLAY,---,5,0,0,0,---,FAILED,---,9,0,0,0,---,NO PLAY,---,12,0,0,0,---,NO PLAY,---,0,0,0,0,---,NO PLAY,---,2025-09-17 21:25
CastHour,808monkey,JUNGLE TERROR,AJURIKA,0,0,0,0,0,---,NO PLAY,---,4,0,0,0,---,HARD CLEAR,---,7,0,0,0,---,NO PLAY,---,9,0,0,0,---,NO PLAY,---,0,0,0,0,---,NO PLAY,---,2025-09-17 21:25
CastHour,Aftermath,ROCK,BEMANI Sound Team "猫叉Master & あさき & Yvya",1,0,0,0,0,---,NO PLAY,---,6,1099,520,59,23,HARD CLEAR,AAA,10,0,0,0,---,NO PLAY,---,12,0,0,0,---,NO PLAY,---,0,0,0,0,---,NO PLAY,---,2025-12-26 15:03
CastHour,ANEMONE,EMOTIONAL J-POP,BEMANI Sound Team "HuΣeR × Yvya" feat.紫村 花澄,0,0,0,0,0,---,NO PLAY,---,4,0,0,0,---,EASY CLEAR,---,7,0,0,0,---,EASY CLEAR,---,10,0,0,0,---,NO PLAY,---,0,0,0,0,---,NO PLAY,---,2025-09-17 21:25
CastHour,Angel's Ladder,PIANO TECH,xi,0,0,0,0,0,---,NO PLAY,---,6,0,0,0,---,NO PLAY,---,10,0,0,0,---,NO PLAY,---,12,0,0,0,---,NO PLAY,---,0,0,0,0,---,NO PLAY,---,2025-09-17 21:25
CastHour,Ariah,UNSUNG REQUIEM,satella feat.藍月なくる,0,0,0,0,0,---,NO PLAY,---,4,0,0,0,---,EASY CLEAR,---,7,0,0,0,---,EASY CLEAR,---,10,0,0,0,---,NO PLAY,---,0,0,0,0,---,NO PLAY,---,2025-09-17 21:25
CastHour,Arkadia,FREEFORM HARDCORE,Hommarju ft. Mayumi Morinaga,1,0,0,0,0,---,NO PLAY,---,5,0,0,0,---,NO PLAY,---,9,1184,449,286,148,FAILED,C,12,0,0,0,---,NO PLAY,---,0,0,0,0,---,NO PLAY,---,2025-12-19 16:38
CastHour,DREAM OF SPACE UFO ABDUCTION,ABDUCTION BEAT,BEMANI Sound Team "謎の宇宙人スペースX",0,0,0,0,0,---,NO PLAY,---,5,0,0,0,---,NO PLAY,---,8,0,0,0,---,NO PLAY,---,11,0,0,0,---,NO PLAY,---,0,0,0,0,---,NO PLAY,---,2025-09-17 21:25
CastHour,EMOTiON TRiPPER,ELECTRIC POP,sky_delta,1,0,0,0,0,---,NO PLAY,---,5,0,0,0,---,NO PLAY,---,8,1199,527,145,43,EASY CLEAR,AA,10,0,0,0,---,NO PLAY,---,0,0,0,0,---,NO PLAY,---,2025-12-26 17:27
CastHour,Harmonia,NU PRELUDE,ATSUMI UEDA,2,0,0,0,0,---,NO PLAY,---,4,0,0,0,---,NO PLAY,---,7,1099,494,111,28,HARD CLEAR,AA,10,0,0,0,---,NO PLAY,---,0,0,0,0,---,NO PLAY,---,2025-12-26 15:08
CastHour,HEARTACHE,HEALING FUTURE,BEMANI Sound Team "HuΣeR" feat.ゆきまめ,2,0,0,0,0,---,NO PLAY,---,3,0,0,0,---,EASY CLEAR,---,7,1188,522,144,16,HARD CLEAR,AA,10,0,0,0,---,NO PLAY,---,0,0,0,0,---,NO PLAY,---,2025-12-27 17:07
CastHour,Lawes's Parotia,PROGRESSIVE METAL,BEMANI Sound Team "Yvya",0,0,0,0,0,---,NO PLAY,---,4,0,0,0,---,NO PLAY,---,8,0,0,0,---,NO PLAY,---,11,0,0,0,---,NO PLAY,---,0,0,0,0,---,NO PLAY,---,2025-09-17 21:25
CastHour,Silver Bullet,PIANO CONCERTINO + JAZZ FUSION,xi,0,0,0,0,0,---,NO PLAY,---,6,0,0,0,---,EASY CLEAR,---,10,0,0,0,---,NO PLAY,---,12,0,0,0,---,NO PLAY,---,0,0,0,0,---,NO PLAY,---,2025-09-17 21:25
CastHour,Stepper,DANCE MUSIC,PSYQUI,0,0,0,0,0,---,NO PLAY,---,4,0,0,0,---,EASY CLEAR,---,8,0,0,0,---,NO PLAY,---,10,0,0,0,---,NO PLAY,---,0,0,0,0,---,NO PLAY,---,2025-09-17 21:25
CastHour,めでてえ,ハッピースピードコア,TORIENA,0,0,0,0,0,---,NO PLAY,---,5,0,0,0,---,NO PLAY,---,8,0,0,0,---,EASY CLEAR,---,10,0,0,0,---,NO PLAY,---,0,0,0,0,---,NO PLAY,---,2025-09-17 21:25
CastHour,シル・ヴ・プレジデント,J-POP,P丸様。,0,0,0,0,0,---,NO PLAY,---,4,0,0,0,---,HARD CLEAR,---,7,0,0,0,---,NO PLAY,---,10,0,0,0,---,NO PLAY,---,11,0,0,0,---,NO PLAY,---,2025-09-17 21:25
CastHour,ナイトフィクション,ALTERNATIVE,中山真斗 feat. CHAN,0,0,0,0,0,---,NO PLAY,---,4,0,0,0,---,HARD CLEAR,---,8,0,0,0,---,EASY CLEAR,---,10,0,0,0,---,NO PLAY,---,0,0,0,0,---,NO PLAY,---,2025-09-17 21:25
CastHour,口カラ凸ゲキ,HUMAN BEATBOX ELECTRO,SARUKANI × Blacklolita,0,0,0,0,0,---,NO PLAY,---,5,0,0,0,---,NO PLAY,---,8,0,0,0,---,EASY CLEAR,---,10,0,0,0,---,NO PLAY,---,0,0,0,0,---,NO PLAY,---,2025-09-17 21:25
CastHour,天邪鬼,HARD DANCE,Qlarabelle,0,0,0,0,0,---,NO PLAY,---,5,0,0,0,---,EASY CLEAR,---,9,0,0,0,---,NO PLAY,---,12,0,0,0,---,NO PLAY,---,0,0,0,0,---,NO PLAY,---,2025-09-17 21:25
CastHour,月とミルク,CHIPBREAK POP,TORIENA,1,0,0,0,0,---,NO PLAY,---,5,0,0,0,---,NO PLAY,---,8,1312,584,144,25,HARD CLEAR,AA,11,0,0,0,---,NO PLAY,---,0,0,0,0,---,NO PLAY,---,2026-01-14 17:53
CastHour,青の洞窟,AQUARIUM QUARTERSTEP,Ujico*,0,0,0,0,0,---,NO PLAY,---,4,0,0,0,---,EASY CLEAR,---,9,0,0,0,---,NO PLAY,---,11,0,0,0,---,NO PLAY,---,0,0,0,0,---,NO PLAY,---,2025-09-17 21:25
CastHour,黒紅掬い,SHOWA RETRO,猫叉Master feat.霜月はるか,0,0,0,0,0,---,NO PLAY,---,4,0,0,0,---,EASY CLEAR,---,7,0,0,0,---,EASY CLEAR,---,9,0,0,0,---,NO PLAY,---,0,0,0,0,---,NO PLAY,---,2025-09-17 21:25
RESIDENT,7 Colors,PRISM EURO,kors k feat.吉河順央,0,0,0,0,0,---,NO PLAY,---,4,0,0,0,---,EASY CLEAR,---,7,0,0,0,---,NO PLAY,---,10,0,0,0,---,NO PLAY,---,0,0,0,0,---,NO PLAY,---,2025-09-17 21:25
RESIDENT,AWA AWA,BOSSA NA NOKA,Snail's House,0,0,0,0,0,---,NO PLAY,---,4,0,0,0,---,EASY CLEAR,---,7,0,0,0,---,NO PLAY,---,10,0,0,0,---,NO PLAY,---,0,0,0,0,---,NO PLAY,---,2025-09-17 21:25
RESIDENT,Bad Encryption,NEO INDUSTRIAL,BEMANI Sound Team "ZAQUVA" respect for teranoid,0,0,0,0,0,---,NO PLAY,---,7,0,0,0,---,EASY CLEAR,---,10,0,0,0,---,NO PLAY,---,12,0,0,0,---,NO PLAY,---,0,0,0,0,---,NO PLAY,---,2025-09-17 21:25
RESIDENT,C-C-C-N-N-N,ELECTRONICORE,RoughSkreamZ feat. Aikapin,1,0,0,0,0,---,NO PLAY,---,5,864,371,122,16,HARD CLEAR,AA,9,0,0,0,---,NO PLAY,---,11,0,0,0,---,NO PLAY,---,0,0,0,0,---,NO PLAY,---,2025-12-19 14:15
RESIDENT,CUE CUE RESCUE,EMERGENCY CORE,TORIENA,1,0,0,0,0,---,NO PLAY,---,5,0,0,0,---,NO PLAY,---,8,358,140,78,---,FAILED,F,10,0,0,0,---,NO PLAY,---,0,0,0,0,---,NO PLAY,---,2025-12-24 15:17
RESIDENT,Dreaming Dream,DANCE POP,MK feat. 紫咲ほたる,1,0,0,0,0,---,NO PLAY,---,4,0,0,0,---,EASY CLEAR,---,7,1075,442,191,20,NO PLAY,A,10,0,0,0,---,NO PLAY,---,0,0,0,0,---,NO PLAY,---,2025-12-11 19:05
RESIDENT,EXODUS SIGN,TEAROUT BREAKS,Blacklolita,0,0,0,0,0,---,NO PLAY,---,6,0,0,0,---,NO PLAY,---,9,0,0,0,---,NO PLAY,---,11,0,0,0,---,NO PLAY,---,0,0,0,0,---,NO PLAY,---,2025-09-17 21:25
RESIDENT,GET UP AGAIN,COMPETITIVE ROCKSTEP,Zekk feat. くらべ,0,0,0,0,0,---,NO PLAY,---,6,0,0,0,---,EASY CLEAR,---,8,0,0,0,---,EASY CLEAR,---,10,0,0,0,---,NO PLAY,---,0,0,0,0,---,NO PLAY,---,2025-09-17 21:25
RESIDENT,KING,IIDX EDITION,Remixed by SOUND HOLIC feat. はるの,0,0,0,0,0,---,NO PLAY,---,4,0,0,0,---,EASY CLEAR,---,9,0,0,0,---,NO PLAY,---,11,0,0,0,---,NO PLAY,---,12,0,0,0,---,NO PLAY,---,2025-09-17 21:25
RESIDENT,Level 4,DnB,Yamato,1,0,0,0,0,---,NO PLAY,---,6,0,0,0,---,NO PLAY,---,10,1424,543,338,71,EASY CLEAR,A,12,0,0,0,---,NO PLAY,---,0,0,0,0,---,NO PLAY,---,2026-01-14 18:29
RESIDENT,No Border,TRANCE,BEMANI Sound Team "dj TAKA" feat.Sana,0,0,0,0,0,---,NO PLAY,---,6,0,0,0,---,EASY CLEAR,---,10,0,0,0,---,NO PLAY,---,12,0,0,0,---,NO PLAY,---,0,0,0,0,---,NO PLAY,---,2025-09-17 21:25
RESIDENT,ONE AND ONLY,RAVE IN THE GAME,Yuta Imai,1,0,0,0,0,---,NO PLAY,---,6,0,0,0,---,NO PLAY,---,10,1415,574,267,54,EASY CLEAR,A,12,0,0,0,---,NO PLAY,---,0,0,0,0,---,NO PLAY,---,2026-01-14 18:15
RESIDENT,Ou Legends,TOHOKU NEURO DENSETSU,かめりあ,1,0,0,0,0,---,NO PLAY,---,6,1084,500,84,11,HARD CLEAR,AAA,10,0,0,0,---,NO PLAY,---,12,0,0,0,---,NO PLAY,---,0,0,0,0,---,NO PLAY,---,2025-12-26 15:16
RESIDENT,Peaktime Booster,RAPCORE,らっぷびと Prod. by RoughSketch & NUE,1,0,0,0,0,---,NO PLAY,---,6,1001,434,133,6,NO PLAY,AA,10,0,0,0,---,NO PLAY,---,12,0,0,0,---,NO PLAY,---,0,0,0,0,---,NO PLAY,---,2025-12-11 18:37
RESIDENT,Rewind Time,GLITCH HOP,Dazsta,0,0,0,0,0,---,NO PLAY,---,4,0,0,0,---,EASY CLEAR,---,7,0,0,0,---,NO PLAY,---,10,0,0,0,---,NO PLAY,---,0,0,0,0,---,NO PLAY,---,2025-09-17 21:25
RESIDENT,Shadow World,STYLISH CONTEMPORARY,BEMANI Sound Team "HuΣeR × 猫叉Master" feat.Emi Evans,0,0,0,0,0,---,NO PLAY,---,4,0,0,0,---,EASY CLEAR,---,8,0,0,0,---,NO PLAY,---,11,0,0,0,---,NO PLAY,---,0,0,0,0,---,NO PLAY,---,2025-09-17 21:25
RESIDENT,Somnidiscotheque,SUBCONSCIOUS FRAGMENT,夢路 歩,0,0,0,0,0,---,NO PLAY,---,6,0,0,0,---,EASY CLEAR,---,10,0,0,0,---,NO PLAY,---,12,0,0,0,---,NO PLAY,---,0,0,0,0,---,NO PLAY,---,2025-09-17 21:25
RESIDENT,STAR BEAT,COLOUR BASS,MK,1,0,0,0,0,---,NO PLAY,---,4,838,398,42,4,HARD CLEAR,AAA,8,0,0,0,---,NO PLAY,---,10,0,0,0,---,NO PLAY,---,0,0,0,0,---,NO PLAY,---,2025-12-26 15:27
RESIDENT,Sunny Day Vibes,FUTURE CORE,Mameyudoufu,0,0,0,0,0,---,NO PLAY,---,6,0,0,0,---,NO PLAY,---,9,0,0,0,---,NO PLAY,---,11,0,0,0,---,NO PLAY,---,0,0,0,0,---,NO PLAY,---,2025-09-17 21:25
RESIDENT,VOLCANIC BIGBEAT,TECH-BIGBEAT,DJ Mass MAD Izm*,0,0,0,0,0,---,NO PLAY,---,6,0,0,0,---,EASY CLEAR,---,9,0,0,0,---,NO PLAY,---,11,0,0,0,---,NO PLAY,---,0,0,0,0,---,NO PLAY,---,2025-09-17 21:25
RESIDENT,wanna be a "BAD GIRL" feat. Nana Takahashi,FUNK POP,Nhato,0,0,0,0,0,---,NO PLAY,---,3,0,0,0,---,HARD CLEAR,---,6,0,0,0,---,HARD CLEAR,---,9,0,0,0,---,NO PLAY,---,0,0,0,0,---,NO PLAY,---,2025-09-17 21:25
RESIDENT,With You,DANCE,BANVOX,0,0,0,0,0,---,NO PLAY,---,4,0,0,0,---,EASY CLEAR,---,8,0,0,0,---,NO PLAY,---,11,0,0,0,---,NO PLAY,---,0,0,0,0,---,NO PLAY,---,2025-09-17 21:25
RESIDENT,■□模様,ALTERNATIVE SHIBUYA E-POP,BEMANI Sound Team "PHQUASE" feat.紫崎 雪,1,0,0,0,0,---,NO PLAY,---,5,0,0,0,---,NO PLAY,---,8,1347,591,165,25,EASY CLEAR,AA,10,0,0,0,---,NO PLAY,---,0,0,0,0,---,NO PLAY,---,2026-01-14 18:40
RESIDENT,《ORDERBREAKER》,GODSPEED,Blacklolita,1,0,0,0,0,---,NO PLAY,---,6,0,0,0,---,NO PLAY,---,9,1188,514,160,27,EASY CLEAR,AA,11,0,0,0,---,NO PLAY,---,0,0,0,0,---,NO PLAY,---,2026-01-14 18:08
RESIDENT,あるビー！ feat.ころねぽち,ピコピコ電波ソング,ヒゲドライバー,0,0,0,0,0,---,NO PLAY,---,4,0,0,0,---,EASY CLEAR,---,9,0,0,0,---,NO PLAY,---,11,0,0,0,---,NO PLAY,---,0,0,0,0,---,NO PLAY,---,2025-09-17 21:25
RESIDENT,おとせサンダー,J-ROCK,ぼっちぼろまる,0,0,0,0,0,---,NO PLAY,---,4,0,0,0,---,EASY CLEAR,---,7,0,0,0,---,NO PLAY,---,10,0,0,0,---,NO PLAY,---,0,0,0,0,---,NO PLAY,---,2025-09-17 21:25
RESIDENT,きゅんです。,ROCK,Pizuya's Cell,0,0,0,0,0,---,NO PLAY,---,4,0,0,0,---,HARD CLEAR,---,7,0,0,0,---,NO PLAY,---,10,0,0,0,---,NO PLAY,---,0,0,0,0,---,NO PLAY,---,2025-09-17 21:25
RESIDENT,ちょえちょえまぎか,ROCK,Pizuya's Cell,0,0,0,0,0,---,NO PLAY,---,6,0,0,0,---,EASY CLEAR,---,10,0,0,0,---,NO PLAY,---,11,0,0,0,---,NO PLAY,---,0,0,0,0,---,NO PLAY,---,2025-09-17 21:25
RESIDENT,サヨナラ・ヘヴン-Celtic Chip Dance Mix-,BEMANI 8BIT COLLECTION,しのりゅー,0,0,0,0,0,---,NO PLAY,---,4,0,0,0,---,EASY CLEAR,---,7,0,0,0,---,NO PLAY,---,10,0,0,0,---,NO PLAY,---,0,0,0,0,---,NO PLAY,---,2025-09-17 21:25
RESIDENT,パーフェクトイーター,ROCK,BEMANI Sound Team "PON" feat.かなたん,1,0,0,0,0,---,NO PLAY,---,5,0,0,0,---,NO PLAY,---,9,1442,569,304,68,EASY CLEAR,A,11,0,0,0,---,NO PLAY,---,0,0,0,0,---,NO PLAY,---,2025-12-26 16:14
RESIDENT,儚キ戀ノ幻想譚,和風歌謡硬核音楽,まろん feat. あやぽんず＊ (森羅万象),0,0,0,0,0,---,NO PLAY,---,7,0,0,0,---,EASY CLEAR,---,10,0,0,0,---,NO PLAY,---,12,0,0,0,---,NO PLAY,---,0,0,0,0,---,NO PLAY,---,2025-09-17 21:25
RESIDENT,少年リップルズ,EMOCTRO,常盤ゆう,1,0,0,0,0,---,NO PLAY,---,4,880,411,58,7,HARD CLEAR,AAA,9,0,0,0,---,NO PLAY,---,11,0,0,0,---,NO PLAY,---,0,0,0,0,---,NO PLAY,---,2026-01-14 17:02
RESIDENT,惑星☆ロリポップ,ANIMTRIBE POP,SOUND HOLIC feat. Nana Takahashi,0,0,0,0,0,---,NO PLAY,---,4,0,0,0,---,EASY CLEAR,---,7,0,0,0,---,EASY CLEAR,---,11,0,0,0,---,NO PLAY,---,0,0,0,0,---,NO PLAY,---,2025-09-17 21:25
RESIDENT,昏き甲鉄のヴェルガ,FANTASIA,arcane feat.rionos,0,0,0,0,0,---,NO PLAY,---,4,0,0,0,---,EASY CLEAR,---,7,0,0,0,---,NO PLAY,---,10,0,0,0,---,NO PLAY,---,0,0,0,0,---,NO PLAY,---,2025-09-17 21:25
RESIDENT,異心前進♪ぴょんぴょんぴょん,EUROBEAT,天土,1,0,0,0,0,---,NO PLAY,---,5,0,0,0,---,EASY CLEAR,---,8,1315,573,169,20,EASY CLEAR,AA,10,0,0,0,---,NO PLAY,---,0,0,0,0,---,NO PLAY,---,2026-01-08 19:19
RESIDENT,真夜中のバベル,HOUSE,Len,2,0,0,0,0,---,NO PLAY,---,4,0,0,0,---,EASY CLEAR,---,7,0,0,0,---,NO PLAY,---,9,1157,466,225,67,FAILED,B,0,0,0,0,---,NO PLAY,---,2026-01-14 19:07
RESIDENT,罪過の聖堂,PIANO CONCERTO,OSTER project,0,0,0,0,0,---,NO PLAY,---,4,0,0,0,---,EASY CLEAR,---,9,0,0,0,---,NO PLAY,---,11,0,0,0,---,NO PLAY,---,0,0,0,0,---,NO PLAY,---,2025-09-17 21:25
RESIDENT,雨のちパノラマセカイ,SUNNY SKY,BEMANI Sound Team "劇団レコード" feat.NU-KO,0,0,0,0,0,---,NO PLAY,---,4,0,0,0,---,EASY CLEAR,---,7,0,0,0,---,EASY CLEAR,---,10,0,0,0,---,NO PLAY,---,0,0,0,0,---,NO PLAY,---,2025-09-17 21:25
EPOLIS,20XX,CYBER BREAKCORE,COR!S,0,0,0,0,0,---,NO PLAY,---,6,0,0,0,---,EASY CLEAR,---,9,0,0,0,---,NO PLAY,---,11,0,0,0,---,NO PLAY,---,0,0,0,0,---,NO PLAY,---,2025-09-17 21:25
EPOLIS,Aeterna,UNSUNG FANTASIA,satella feat. Risa Yuzuki,0,0,0,0,0,---,NO PLAY,---,4,0,0,0,---,EASY CLEAR,---,8,0,0,0,---,NO PLAY,---,11,0,0,0,---,NO PLAY,---,0,0,0,0,---,NO PLAY,---,2025-09-17 21:25
EPOLIS,Ambivalent Vermilia,HARD RENAISSANCE,BEMANI Sound Team "二代目朱雀 feat.朱雀",0,0,0,0,0,---,NO PLAY,---,7,0,0,0,---,EASY CLEAR,---,10,0,0,0,---,NO PLAY,---,12,0,0,0,---,NO PLAY,---,0,0,0,0,---,NO PLAY,---,2025-09-17 21:25
EPOLIS,Bitter & Lucky,NU SYNTH BASS,DE DE MOUSE,0,0,0,0,0,---,NO PLAY,---,4,0,0,0,---,EASY CLEAR,---,8,0,0,0,---,NO PLAY,---,10,0,0,0,---,NO PLAY,---,0,0,0,0,---,NO PLAY,---,2025-09-17 21:25
EPOLIS,CADENZA,PSYCHEDELIC TRANCE,lapix ∞ BEMANI Sound Team "L.E.D.",0,0,0,0,0,---,NO PLAY,---,7,0,0,0,---,EASY CLEAR,---,10,0,0,0,---,NO PLAY,---,12,0,0,0,---,NO PLAY,---,0,0,0,0,---,NO PLAY,---,2025-09-17 21:25
EPOLIS,COUNTING SHEEP ft. Kanae Asaba,SYMPHONIC DRUM'N'BASS,Xceon,2,0,0,0,0,---,NO PLAY,---,4,0,0,0,---,EASY CLEAR,---,7,1067,456,155,38,EASY CLEAR,A,10,0,0,0,---,NO PLAY,---,0,0,0,0,---,NO PLAY,---,2026-01-01 22:24
EPOLIS,Demon March,CINEMATIC BREAKCORE,Nhato,1,0,0,0,0,---,NO PLAY,---,6,1251,537,177,34,HARD CLEAR,AA,10,0,0,0,---,NO PLAY,---,12,0,0,0,---,NO PLAY,---,0,0,0,0,---,NO PLAY,---,2025-12-26 15:55
EPOLIS,Get Wicked,BIG BEAT,Maozon,0,0,0,0,0,---,NO PLAY,---,5,0,0,0,---,HARD CLEAR,---,8,0,0,0,---,NO PLAY,---,10,0,0,0,---,NO PLAY,---,0,0,0,0,---,NO PLAY,---,2025-09-17 21:25
EPOLIS,GLORIOUS HAMMER,DUBSTEP,AJURIKA,1,0,0,0,0,---,NO PLAY,---,6,1045,456,133,9,NO PLAY,AA,9,0,0,0,---,NO PLAY,---,11,0,0,0,---,NO PLAY,---,0,0,0,0,---,NO PLAY,---,2025-12-11 18:39
EPOLIS,Hard Breaker,HARD TRANCE,Nhato,0,0,0,0,0,---,NO PLAY,---,4,0,0,0,---,EASY CLEAR,---,8,0,0,0,---,NO PLAY,---,10,0,0,0,---,NO PLAY,---,0,0,0,0,---,NO PLAY,---,2025-09-17 21:25
EPOLIS,Iris,EMOTIONAL J-POP,BEMANI Sound Team "HuΣeR" feat.紫村 花澄,0,0,0,0,0,---,NO PLAY,---,4,0,0,0,---,EASY CLEAR,---,7,0,0,0,---,EASY CLEAR,---,10,0,0,0,---,NO PLAY,---,0,0,0,0,---,NO PLAY,---,2025-09-17 21:25
EPOLIS,Jumper,DRUM'N'BASS,Masayoshi Iimori,1,0,0,0,0,---,NO PLAY,---,4,0,0,0,---,EASY CLEAR,---,7,1072,449,174,36,NO PLAY,A,10,0,0,0,---,NO PLAY,---,0,0,0,0,---,NO PLAY,---,2025-12-11 19:17
EPOLIS,MAXIMUM CHEAT GIRL,MAXIMUM GAME-BREAKING HARDCORE,かめりあ feat. ななひら,1,0,0,0,0,---,NO PLAY,---,6,1170,535,100,13,HARD CLEAR,AAA,10,0,0,0,---,NO PLAY,---,12,0,0,0,---,NO PLAY,---,0,0,0,0,---,NO PLAY,---,2025-12-26 15:00
EPOLIS,My Sweet Bird?,J-POP,アオワイファイ feat.秋山雫,1,0,0,0,0,---,NO PLAY,---,4,0,0,0,---,EASY CLEAR,---,7,1302,559,184,25,HARD CLEAR,AA,9,0,0,0,---,NO PLAY,---,0,0,0,0,---,NO PLAY,---,2025-12-30 22:13
EPOLIS,Out of Control,FREEFORM ARTCORE,CANVAS feat. Quimar,0,0,0,0,0,---,NO PLAY,---,6,0,0,0,---,EASY CLEAR,---,10,0,0,0,---,NO PLAY,---,12,0,0,0,---,NO PLAY,---,0,0,0,0,---,NO PLAY,---,2025-09-17 21:25
EPOLIS,Shapeshifter,TECHNICAL ELECTRO,Avans,0,0,0,0,0,---,NO PLAY,---,6,0,0,0,---,EASY CLEAR,---,9,0,0,0,---,NO PLAY,---,11,0,0,0,---,NO PLAY,---,0,0,0,0,---,NO PLAY,---,2025-09-17 21:25
EPOLIS,SOLAR ECLIPSE,CROSSOVER,Yuta Imai Vs. BEMANI Sound Team "Yvya",0,0,0,0,0,---,NO PLAY,---,7,0,0,0,---,EASY CLEAR,---,10,0,0,0,---,NO PLAY,---,12,0,0,0,---,NO PLAY,---,0,0,0,0,---,NO PLAY,---,2025-09-17 21:25
EPOLIS,Speculation,HARDCORE TECHNO,BEMANI Sound Team "ZAQUVA",0,0,0,0,0,---,NO PLAY,---,5,0,0,0,---,EASY CLEAR,---,9,0,0,0,---,NO PLAY,---,11,0,0,0,---,NO PLAY,---,0,0,0,0,---,NO PLAY,---,2025-09-17 21:25
EPOLIS,squall,DRUM'N'BASS,猫叉Master+,0,0,0,0,0,---,NO PLAY,---,6,0,0,0,---,EASY CLEAR,---,9,0,0,0,---,NO PLAY,---,11,0,0,0,---,NO PLAY,---,0,0,0,0,---,NO PLAY,---,2025-09-17 21:25
EPOLIS,Submerge Serenade,HARDTECHNO,lapix,0,0,0,0,0,---,NO PLAY,---,5,0,0,0,---,HARD CLEAR,---,9,0,0,0,---,NO PLAY,---,11,0,0,0,---,NO PLAY,---,0,0,0,0,---,NO PLAY,---,2025-09-17 21:25
EPOLIS,TITANIUM RIDERS,HARDCORE RAVE,DJ Shimamura,0,0,0,0,0,---,NO PLAY,---,5,0,0,0,---,NO PLAY,---,8,0,0,0,---,EASY CLEAR,---,10,0,0,0,---,NO PLAY,---,0,0,0,0,---,NO PLAY,---,2025-09-17 21:25
EPOLIS,Too Late Snow,J-DANCE POP,movies (moimoi × Xceon × Dai.),0,0,0,0,0,---,NO PLAY,---,4,0,0,0,---,EASY CLEAR,---,7,0,0,0,---,NO PLAY,---,9,0,0,0,---,NO PLAY,---,0,0,0,0,---,NO PLAY,---,2025-09-17 21:25
EPOLIS,TRIP THE DEEP,MELODIC TECHNO,Qlarabelle,1,0,0,0,0,---,NO PLAY,---,5,0,0,0,---,EASY CLEAR,---,8,1198,480,238,31,EASY CLEAR,A,11,0,0,0,---,NO PLAY,---,0,0,0,0,---,NO PLAY,---,2026-01-01 22:27
EPOLIS,Tripping Jumping,FUNKY BREAKS,Aikapin Prod. by uno & NiActivity,0,0,0,0,0,---,NO PLAY,---,4,0,0,0,---,EASY CLEAR,---,8,0,0,0,---,EASY CLEAR,---,10,0,0,0,---,NO PLAY,---,0,0,0,0,---,NO PLAY,---,2025-09-17 21:25
EPOLIS,Vulnerability,VARIABLE CORE,BEMANI Sound Team "ZAQUVA",0,0,0,0,0,---,NO PLAY,---,7,0,0,0,---,EASY CLEAR,---,10,0,0,0,---,NO PLAY,---,12,0,0,0,---,NO PLAY,---,0,0,0,0,---,NO PLAY,---,2025-09-17 21:25
EPOLIS,WaterCube Pf.(RX-Ver.S.P.L.),ETHNO POP,高田雅史,0,0,0,0,0,---,NO PLAY,---,3,0,0,0,---,HARD CLEAR,---,7,0,0,0,---,NO PLAY,---,10,0,0,0,---,NO PLAY,---,0,0,0,0,---,NO PLAY,---,2025-09-17 21:25
EPOLIS,ZEROIN ON THE LIGHT,COLD BEAT,SOUND HOLIC Vs. ZYTOKINE feat. Nana Takahashi,0,0,0,0,0,---,NO PLAY,---,5,0,0,0,---,NO PLAY,---,8,0,0,0,---,EASY CLEAR,---,10,0,0,0,---,NO PLAY,---,0,0,0,0,---,NO PLAY,---,2025-09-17 21:25
EPOLIS,ちゅ、多様性。,J-POP,ano,0,0,0,0,0,---,NO PLAY,---,3,0,0,0,---,HARD CLEAR,---,6,0,0,0,---,NO PLAY,---,9,0,0,0,---,NO PLAY,---,10,0,0,0,---,NO PLAY,---,2025-09-17 21:25
EPOLIS,ないないルーティン,SPEED HOUSE,Len,1,0,0,0,0,---,NO PLAY,---,3,0,0,0,---,HARD CLEAR,---,7,988,395,198,17,HARD CLEAR,A,10,0,0,0,---,NO PLAY,---,0,0,0,0,---,NO PLAY,---,2025-12-24 14:28
EPOLIS,めうめうぺったんたん！！ (ZAQUVA Remix),HYPERACTIVE HELLCORE,Remixed by BEMANI Sound Team "ZAQUVA",0,0,0,0,0,---,NO PLAY,---,4,0,0,0,---,EASY CLEAR,---,9,0,0,0,---,NO PLAY,---,11,0,0,0,---,NO PLAY,---,0,0,0,0,---,NO PLAY,---,2025-09-17 21:25
EPOLIS,れとりば！,KAWAII DOGGO POPS,OSTER project feat. 月ノ輪乃愛,1,0,0,0,0,---,NO PLAY,---,4,0,0,0,---,EASY CLEAR,---,7,0,0,0,---,NO PLAY,---,9,1532,655,222,90,EASY CLEAR,A,0,0,0,0,---,NO PLAY,---,2026-01-08 18:02
EPOLIS,アイドル,IIDX EDITION,Covered by BEMANI Sound Team "HuΣeR × wac" feat. 佐伯伊織,0,0,0,0,0,---,NO PLAY,---,4,0,0,0,---,EASY CLEAR,---,7,0,0,0,---,NO PLAY,---,10,0,0,0,---,NO PLAY,---,11,0,0,0,---,NO PLAY,---,2025-09-17 21:25
EPOLIS,センチメンタル・サマー,CITY DANCE POP,Nhato feat. Kanae Asaba & はるまき (from ボタニカルな暮らし。),1,0,0,0,0,---,NO PLAY,---,3,0,0,0,---,EASY CLEAR,---,6,1040,443,154,19,NO PLAY,A,9,0,0,0,---,NO PLAY,---,0,0,0,0,---,NO PLAY,---,2025-12-11 18:49
EPOLIS,ポラリスノウタ,FUTUREBASS,ここなつ2.0,1,0,0,0,0,---,NO PLAY,---,4,0,0,0,---,EASY CLEAR,---,8,1340,603,134,25,EASY CLEAR,AA,10,0,0,0,---,NO PLAY,---,0,0,0,0,---,NO PLAY,---,2026-01-14 18:11
EPOLIS,今宵、ロマンス横丁。,和風歌謡硬核音楽,まろん feat. Rikotan,0,0,0,0,0,---,NO PLAY,---,6,0,0,0,---,EASY CLEAR,---,10,0,0,0,---,NO PLAY,---,12,0,0,0,---,NO PLAY,---,0,0,0,0,---,NO PLAY,---,2025-09-17 21:25
EPOLIS,可愛くてごめん,IIDX EDITION,Remixed by MK feat. 紫咲ほたる,0,0,0,0,0,---,NO PLAY,---,3,0,0,0,---,HARD CLEAR,---,7,0,0,0,---,NO PLAY,---,9,0,0,0,---,NO PLAY,---,10,0,0,0,---,NO PLAY,---,2025-09-17 21:25
EPOLIS,唱,J-POP,Ado,0,0,0,0,0,---,NO PLAY,---,3,0,0,0,---,HARD CLEAR,---,7,0,0,0,---,NO PLAY,---,9,0,0,0,---,NO PLAY,---,0,0,0,0,---,NO PLAY,---,2025-09-17 21:25
EPOLIS,夏風邪デスコ,SUMMER POP,TORIENA,0,0,0,0,0,---,NO PLAY,---,4,0,0,0,---,EASY CLEAR,---,8,0,0,0,---,NO PLAY,---,10,0,0,0,---,NO PLAY,---,0,0,0,0,---,NO PLAY,---,2025-09-17 21:25
EPOLIS,惑星鉄道,PROLOGUE,Snail's House,1,0,0,0,0,---,NO PLAY,---,7,754,296,162,42,EASY CLEAR,B,11,0,0,0,---,NO PLAY,---,12,0,0,0,---,NO PLAY,---,0,0,0,0,---,NO PLAY,---,2025-12-19 15:04
EPOLIS,愛包ダンスホール,J-POP,HIMEHINA,0,0,0,0,0,---,NO PLAY,---,4,0,0,0,---,HARD CLEAR,---,7,0,0,0,---,NO PLAY,---,10,0,0,0,---,NO PLAY,---,0,0,0,0,---,NO PLAY,---,2025-09-17 21:25
EPOLIS,摩天楼,VALHALLASTEP,Julianne,0,0,0,0,0,---,NO PLAY,---,4,0,0,0,---,EASY CLEAR,---,9,0,0,0,---,NO PLAY,---,12,0,0,0,---,NO PLAY,---,0,0,0,0,---,NO PLAY,---,2025-09-17 21:25
EPOLIS,神様、つれない。,ALTERNATIVE,中山真斗 feat. CHAN,0,0,0,0,0,---,NO PLAY,---,4,0,0,0,---,HARD CLEAR,---,7,0,0,0,---,NO PLAY,---,10,0,0,0,---,NO PLAY,---,0,0,0,0,---,NO PLAY,---,2025-09-17 21:25
EPOLIS,酔いどれ知らず,IIDX EDITION,Remixed by SOUND HOLIC feat. Nana Takahashi,0,0,0,0,0,---,NO PLAY,---,4,0,0,0,---,HARD CLEAR,---,7,0,0,0,---,NO PLAY,---,10,0,0,0,---,NO PLAY,---,0,0,0,0,---,NO PLAY,---,2025-09-17 21:25
Pinky Crush,1116,BREAKBEATS,BEMANI Sound Team "Dustup",0,0,0,0,0,---,NO PLAY,---,6,0,0,0,---,EASY CLEAR,---,10,0,0,0,---,NO PLAY,---,12,0,0,0,---,NO PLAY,---,0,0,0,0,---,NO PLAY,---,2025-09-17 21:25
Pinky Crush,Bling-Bang-Bang-Born,IIDX EDITION,Covered by uno(IOSYS) feat. Fra,0,0,0,0,0,---,NO PLAY,---,4,0,0,0,---,HARD CLEAR,---,7,0,0,0,---,EASY CLEAR,---,10,0,0,0,---,NO PLAY,---,0,0,0,0,---,NO PLAY,---,2025-09-17 21:25
Pinky Crush,Butterfly Twist,SPEED HOUSE,Yooh,0,0,0,0,0,---,NO PLAY,---,5,0,0,0,---,NO PLAY,---,8,0,0,0,---,FAILED,---,11,0,0,0,---,NO PLAY,---,0,0,0,0,---,NO PLAY,---,2025-09-17 21:25
Pinky Crush,CHAOTIC SUNBIRD,ULTRA SAM-BASS,Tanchiky,0,0,0,0,0,---,NO PLAY,---,6,0,0,0,---,EASY CLEAR,---,9,0,0,0,---,NO PLAY,---,11,0,0,0,---,NO PLAY,---,0,0,0,0,---,NO PLAY,---,2025-09-17 21:25
Pinky Crush,Chasing After YOU ～夢の欠片～ ft. 小林マナ,Y2K 2000 J-POP DANCE,Xceon,0,0,0,0,0,---,NO PLAY,---,5,0,0,0,---,HARD CLEAR,---,7,0,0,0,---,EASY CLEAR,---,10,0,0,0,---,NO PLAY,---,0,0,0,0,---,NO PLAY,---,2025-09-17 21:25
Pinky Crush,COSMIC V3LOCITY,UCHIAGE CORE,BEMANI Sound Team "Coyaan & KE!JU & ZAQUVA",0,0,0,0,0,---,NO PLAY,---,6,0,0,0,---,HARD CLEAR,---,10,0,0,0,---,NO PLAY,---,12,0,0,0,---,NO PLAY,---,0,0,0,0,---,NO PLAY,---,2025-09-17 21:25
Pinky Crush,Dreamship,ELECTRO POP,Nhato feat. Kanae Asaba,0,0,0,0,0,---,NO PLAY,---,4,0,0,0,---,HARD CLEAR,---,7,0,0,0,---,EASY CLEAR,---,9,0,0,0,---,NO PLAY,---,0,0,0,0,---,NO PLAY,---,2025-09-17 21:25
Pinky Crush,Eleanor,UNNAMED FIESTA,satella feat. nayuta,0,0,0,0,0,---,NO PLAY,---,4,0,0,0,---,HARD CLEAR,---,7,0,0,0,---,EASY CLEAR,---,10,0,0,0,---,NO PLAY,---,0,0,0,0,---,NO PLAY,---,2025-09-17 21:25
Pinky Crush,ELYSIUM,RANDOM ACCESS MEMORIES,Snail's House,0,0,0,0,0,---,NO PLAY,---,5,0,0,0,---,HARD CLEAR,---,8,0,0,0,---,EASY CLEAR,---,11,0,0,0,---,NO PLAY,---,0,0,0,0,---,NO PLAY,---,2025-09-17 21:25
Pinky Crush,everlastingeuphoria:,HYPERTRANCE,crayvxn,0,0,0,0,0,---,NO PLAY,---,5,0,0,0,---,HARD CLEAR,---,9,0,0,0,---,NO PLAY,---,11,0,0,0,---,NO PLAY,---,0,0,0,0,---,NO PLAY,---,2025-09-17 21:25
Pinky Crush,FERMI PARADOX,COSMIC HAPPY TUNE,BlackY feat. Risa Yuzuki,1,0,0,0,0,---,NO PLAY,---,5,1091,509,73,15,HARD CLEAR,AAA,8,0,0,0,---,EASY CLEAR,---,10,0,0,0,---,NO PLAY,---,0,0,0,0,---,NO PLAY,---,2025-12-26 15:30
Pinky Crush,Fiery Stallion,80'S SYNTHWAVE ROCK,Dirty Androids,0,0,0,0,0,---,NO PLAY,---,4,0,0,0,---,EASY CLEAR,---,9,0,0,0,---,NO PLAY,---,11,0,0,0,---,NO PLAY,---,0,0,0,0,---,NO PLAY,---,2025-09-17 21:25
Pinky Crush,FlyAway,HARD DANCE,Blacklolita,0,0,0,0,0,---,NO PLAY,---,6,0,0,0,---,EASY CLEAR,---,10,0,0,0,---,NO PLAY,---,12,0,0,0,---,NO PLAY,---,0,0,0,0,---,NO PLAY,---,2025-09-17 21:25
Pinky Crush,Galaxy Collapse,MULTIGENRE,BEMANI Sound Team "めめめ",0,0,0,0,0,---,NO PLAY,---,5,0,0,0,---,NO PLAY,---,7,0,0,0,---,EASY CLEAR,---,10,0,0,0,---,NO PLAY,---,0,0,0,0,---,NO PLAY,---,2025-09-17 21:25
Pinky Crush,get set mind,TORIENA LAND,TORIENA,1,0,0,0,0,---,NO PLAY,---,5,0,0,0,---,NO PLAY,---,8,1402,630,142,20,HARD CLEAR,AA,10,0,0,0,---,NO PLAY,---,0,0,0,0,---,NO PLAY,---,2026-01-14 17:08
Pinky Crush,God Mind,NEO HARD RENAISSANCE,Tatsunoshin,0,0,0,0,0,---,NO PLAY,---,7,0,0,0,---,EASY CLEAR,---,10,0,0,0,---,NO PLAY,---,12,0,0,0,---,NO PLAY,---,0,0,0,0,---,NO PLAY,---,2025-09-17 21:25
Pinky Crush,Good Looking,RAVE BREAKS,JAKAZiD,0,0,0,0,0,---,NO PLAY,---,4,0,0,0,---,NO PLAY,---,8,0,0,0,---,EASY CLEAR,---,10,0,0,0,---,NO PLAY,---,0,0,0,0,---,NO PLAY,---,2025-09-17 21:25
Pinky Crush,Here We Go Now,HARD PSY,Whac-A-Me,1,0,0,0,0,---,NO PLAY,---,6,939,407,125,18,EASY CLEAR,AA,10,0,0,0,---,NO PLAY,---,12,0,0,0,---,NO PLAY,---,0,0,0,0,---,NO PLAY,---,2025-12-11 18:45
Pinky Crush,KOTONOHA ft. Kotoha,EMOISM FUTURE POP,EmoCosine × BEMANI Sound Team "HuΣeR",0,0,0,0,0,---,NO PLAY,---,5,0,0,0,---,NO PLAY,---,8,0,0,0,---,EASY CLEAR,---,10,0,0,0,---,NO PLAY,---,0,0,0,0,---,NO PLAY,---,2025-09-17 21:25
Pinky Crush,lowercase lifetime,HYPERFLIP,BEMANI Sound Team "ZAQUVA",0,0,0,0,0,---,NO PLAY,---,5,0,0,0,---,EASY CLEAR,---,9,0,0,0,---,NO PLAY,---,11,0,0,0,---,NO PLAY,---,0,0,0,0,---,NO PLAY,---,2025-09-17 21:25
Pinky Crush,MVP,HARD TRAP,PRIDASK,0,0,0,0,0,---,NO PLAY,---,5,0,0,0,---,NO PLAY,---,8,0,0,0,---,EASY CLEAR,---,11,0,0,0,---,NO PLAY,---,0,0,0,0,---,NO PLAY,---,2025-09-17 21:25
Pinky Crush,NOIXIA,STYLISH ELECTRO,BEMANI Sound Team "HuΣeR",0,0,0,0,0,---,NO PLAY,---,7,0,0,0,---,EASY CLEAR,---,10,0,0,0,---,NO PLAY,---,12,0,0,0,---,NO PLAY,---,0,0,0,0,---,NO PLAY,---,2025-09-17 21:25
Pinky Crush,PIT A PAT,NEO CANDY RAVE,Zekk,0,0,0,0,0,---,NO PLAY,---,5,0,0,0,---,HARD CLEAR,---,8,0,0,0,---,EASY CLEAR,---,10,0,0,0,---,NO PLAY,---,0,0,0,0,---,NO PLAY,---,2025-09-17 21:25
Pinky Crush,Plazma,J-POP,米津玄師,0,0,0,0,0,---,NO PLAY,---,5,0,0,0,---,EASY CLEAR,---,8,0,0,0,---,FAILED,---,10,0,0,0,---,NO PLAY,---,0,0,0,0,---,NO PLAY,---,2025-09-17 21:25
Pinky Crush,Plea Per Phase,MELODIC CONTEMPORARIDDIM,Feryquitous,0,0,0,0,0,---,NO PLAY,---,5,0,0,0,---,EASY CLEAR,---,9,0,0,0,---,NO PLAY,---,11,0,0,0,---,NO PLAY,---,0,0,0,0,---,NO PLAY,---,2025-09-17 21:25
Pinky Crush,PopなEDEN,J-POP,YASUHIRO(康寛) feat.橘田ほのか,1,0,0,0,0,---,NO PLAY,---,5,0,0,0,---,HARD CLEAR,---,9,1274,544,186,32,EASY CLEAR,A,11,0,0,0,---,NO PLAY,---,0,0,0,0,---,NO PLAY,---,2026-01-08 18:25
Pinky Crush,Raspberry Potion (feat.あれたん & ぎゃるのしん☆),LOVE CORE,Tatsunoshin & 藍良あれれ,0,0,0,0,0,---,NO PLAY,---,5,0,0,0,---,EASY CLEAR,---,9,0,0,0,---,NO PLAY,---,11,0,0,0,---,NO PLAY,---,0,0,0,0,---,NO PLAY,---,2025-09-17 21:25
Pinky Crush,Secret Rouge,DIGITAL J-POP,ハレトキドキ,0,0,0,0,0,---,NO PLAY,---,5,0,0,0,---,EASY CLEAR,---,8,0,0,0,---,NO PLAY,---,10,0,0,0,---,NO PLAY,---,0,0,0,0,---,NO PLAY,---,2025-09-17 21:25
Pinky Crush,SISYPHUS,ABSURD STYLE,BEMANI Sound Team "Paoon",0,0,0,0,0,---,NO PLAY,---,6,0,0,0,---,EASY CLEAR,---,10,0,0,0,---,NO PLAY,---,12,0,0,0,---,NO PLAY,---,0,0,0,0,---,NO PLAY,---,2025-09-17 21:25
Pinky Crush,Skratch Education Lv-1,DJ BATTLE,DJ Mass MAD Izm*,1,0,0,0,0,---,NO PLAY,---,7,942,364,214,32,EASY CLEAR,A,10,0,0,0,---,NO PLAY,---,12,0,0,0,---,NO PLAY,---,0,0,0,0,---,NO PLAY,---,2025-12-24 14:57
Pinky Crush,Slumber☆Party,MULTIGENRE,BEMANI Sound Team "めめめ",0,0,0,0,0,---,NO PLAY,---,5,0,0,0,---,EASY CLEAR,---,8,0,0,0,---,NO PLAY,---,11,0,0,0,---,NO PLAY,---,0,0,0,0,---,NO PLAY,---,2025-09-17 21:25
Pinky Crush,Space In Time,FUTURE‘N’BASS,Masayoshi Iimori,1,0,0,0,0,---,NO PLAY,---,6,822,384,54,2,HARD CLEAR,AAA,9,0,0,0,---,FAILED,---,11,0,0,0,---,NO PLAY,---,0,0,0,0,---,NO PLAY,---,2025-12-26 16:00
Pinky Crush,Stargazing Trip ～星 探す旅～ ft. 小林マナ,ANIME-STYLE DRUM AND BASS,Xceon,0,0,0,0,0,---,NO PLAY,---,5,0,0,0,---,EASY CLEAR,---,9,0,0,0,---,NO PLAY,---,11,0,0,0,---,NO PLAY,---,0,0,0,0,---,NO PLAY,---,2025-09-17 21:25
Pinky Crush,u gotta beat,TECHCORE,KARUT,0,0,0,0,0,---,NO PLAY,---,6,0,0,0,---,EASY CLEAR,---,10,0,0,0,---,NO PLAY,---,12,0,0,0,---,NO PLAY,---,0,0,0,0,---,NO PLAY,---,2025-09-17 21:25
Pinky Crush,uen,RINASCITA,少年ラジオ,0,0,0,0,0,---,NO PLAY,---,7,0,0,0,---,FAILED,---,10,0,0,0,---,NO PLAY,---,12,0,0,0,---,NO PLAY,---,0,0,0,0,---,NO PLAY,---,2025-09-17 21:25
Pinky Crush,Without Heaven,VARIABLE ORIENTAL CORE,BEMANI Sound Team "ZAQUVA",0,0,0,0,0,---,NO PLAY,---,7,0,0,0,---,EASY CLEAR,---,10,0,0,0,---,NO PLAY,---,12,0,0,0,---,NO PLAY,---,0,0,0,0,---,NO PLAY,---,2025-09-17 21:25
Pinky Crush,えだまめカレークッキング,ZUNTSUMU TEETEE,OSTER project feat. ずんだもん ＆ 春日部つむぎ,0,0,0,0,0,---,NO PLAY,---,5,0,0,0,---,EASY CLEAR,---,8,0,0,0,---,EASY CLEAR,---,11,0,0,0,---,NO PLAY,---,0,0,0,0,---,NO PLAY,---,2025-09-17 21:25
Pinky Crush,きみのせかい,8-BIT MIXTURE,Nhato,1,0,0,0,0,---,NO PLAY,---,5,884,395,94,26,HARD CLEAR,AA,8,0,0,0,---,EASY CLEAR,---,11,0,0,0,---,NO PLAY,---,0,0,0,0,---,NO PLAY,---,2026-01-08 17:31
Pinky Crush,きゅうくらりん,VOCALOID,いよわ,1,0,0,0,0,---,NO PLAY,---,5,0,0,0,---,HARD CLEAR,---,8,1271,559,153,51,HARD CLEAR,AA,10,0,0,0,---,NO PLAY,---,0,0,0,0,---,NO PLAY,---,2025-10-04 22:52
Pinky Crush,アラビアン ハイパー ナイト,ARABIC TRAP CORE,BEMANI Sound Team "マックス ステロイ度！",1,0,0,0,0,---,NO PLAY,---,6,1032,486,60,6,HARD CLEAR,AAA,10,0,0,0,---,NO PLAY,---,12,0,0,0,---,NO PLAY,---,0,0,0,0,---,NO PLAY,---,2025-12-26 15:57
Pinky Crush,イガク,ボーカロイド・J-POP・ダンス,原口沙輔 feat.重音テト,0,0,0,0,0,---,NO PLAY,---,4,0,0,0,---,HARD CLEAR,---,7,0,0,0,---,NO PLAY,---,9,0,0,0,---,NO PLAY,---,0,0,0,0,---,NO PLAY,---,2025-09-17 21:25
Pinky Crush,エクスプロウル,VOCALOID,晴いちばん,1,0,0,0,0,---,NO PLAY,---,5,0,0,0,---,EASY CLEAR,---,8,1397,644,109,32,EASY CLEAR,AA,10,0,0,0,---,NO PLAY,---,0,0,0,0,---,NO PLAY,---,2025-12-26 15:38
Pinky Crush,オッドラヴィ,LOVELY TECHCORE,lapix feat. PANXI,1,0,0,0,0,---,NO PLAY,---,5,0,0,0,---,HARD CLEAR,---,8,1486,648,190,28,HARD CLEAR,AA,10,0,0,0,---,NO PLAY,---,0,0,0,0,---,NO PLAY,---,2026-01-14 17:32
Pinky Crush,オブソミート,ボカロ,サツキ feat.初音ミク、重音テト,1,0,0,0,0,---,NO PLAY,---,4,0,0,0,---,HARD CLEAR,---,7,0,0,0,---,HARD CLEAR,---,10,1390,532,326,188,FAILED,B,0,0,0,0,---,NO PLAY,---,2026-01-08 19:28
Pinky Crush,キスキツネ,J-POP,HIMEHINA,2,0,0,0,0,---,NO PLAY,---,4,0,0,0,---,HARD CLEAR,---,7,1402,639,124,14,HARD CLEAR,AA,10,0,0,0,---,NO PLAY,---,0,0,0,0,---,NO PLAY,---,2025-12-27 17:10
Pinky Crush,ギャ・ギャ・ギャ・ギャラクシー！,VOCALOID,つきみぐー、,3,0,0,0,0,---,NO PLAY,---,4,0,0,0,---,HARD CLEAR,---,8,1411,638,135,16,HARD CLEAR,AA,10,1511,587,337,123,FAILED,B,0,0,0,0,---,NO PLAY,---,2026-01-08 19:31
Pinky Crush,ゲシュタルト,J-POP,花譜,0,0,0,0,0,---,NO PLAY,---,5,0,0,0,---,NO PLAY,---,7,0,0,0,---,EASY CLEAR,---,10,0,0,0,---,NO PLAY,---,0,0,0,0,---,NO PLAY,---,2025-09-17 21:25
Pinky Crush,スキッテイエェエエェ!!!!,Hi-ラブコメPOP,cosMo＠暴走P & BEMANI Sound Team "L.E.D.-G",2,0,0,0,0,---,NO PLAY,---,7,1303,571,161,21,HARD CLEAR,AA,10,0,0,0,---,NO PLAY,---,12,0,0,0,---,NO PLAY,---,0,0,0,0,---,NO PLAY,---,2025-12-26 15:11
Pinky Crush,スパークリング☆彡ハイパーチューン！！,EUROBEAT,Machico,0,0,0,0,0,---,NO PLAY,---,7,0,0,0,---,EASY CLEAR,---,10,0,0,0,---,NO PLAY,---,12,0,0,0,---,NO PLAY,---,0,0,0,0,---,NO PLAY,---,2025-09-17 21:25
Pinky Crush,ドリムチウ,HARDCORE TECHNO,TORIENA,0,0,0,0,0,---,NO PLAY,---,4,0,0,0,---,HARD CLEAR,---,7,0,0,0,---,EASY CLEAR,---,10,0,0,0,---,NO PLAY,---,0,0,0,0,---,NO PLAY,---,2025-09-17 21:25
Pinky Crush,ハオ,J-POP・VOCALOID,DECO*27,1,0,0,0,0,---,NO PLAY,---,4,0,0,0,---,HARD CLEAR,---,8,1428,624,180,16,HARD CLEAR,AA,11,0,0,0,---,NO PLAY,---,0,0,0,0,---,NO PLAY,---,2025-12-24 15:05
Pinky Crush,ハルイロメロディー,AOHARU MELODY,月乃 ＆ BEMANI Sound Team "劇団レコード",0,0,0,0,0,---,NO PLAY,---,4,0,0,0,---,HARD CLEAR,---,7,0,0,0,---,HARD CLEAR,---,10,0,0,0,---,NO PLAY,---,0,0,0,0,---,NO PLAY,---,2025-09-17 21:25
Pinky Crush,ビビデバ,J-POP,星街すいせい,1,0,0,0,0,---,NO PLAY,---,4,0,0,0,---,HARD CLEAR,---,7,1062,448,166,17,HARD CLEAR,AA,10,0,0,0,---,NO PLAY,---,0,0,0,0,---,NO PLAY,---,2025-12-24 14:15
Pinky Crush,メズマライザー,HAPPY HARDCORE,サツキ feat.初音ミク・重音テトSV,1,0,0,0,0,---,NO PLAY,---,5,0,0,0,---,EASY CLEAR,---,9,1521,665,191,17,EASY CLEAR,AA,11,0,0,0,---,NO PLAY,---,0,0,0,0,---,NO PLAY,---,2026-01-14 18:26
Pinky Crush,ロマンシングエスケープ,SYNTHWAVE POP,ここなつ2.0,4,0,0,0,0,---,NO PLAY,---,3,426,203,20,2,HARD CLEAR,AAA,7,0,0,0,---,HARD CLEAR,---,9,1256,503,250,69,EASY CLEAR,A,0,0,0,0,---,NO PLAY,---,2026-01-08 19:25
Pinky Crush,我ら完全無敵のアイドル!!,J-POP,B小町,0,0,0,0,0,---,NO PLAY,---,5,0,0,0,---,EASY CLEAR,---,8,0,0,0,---,NO PLAY,---,10,0,0,0,---,NO PLAY,---,0,0,0,0,---,NO PLAY,---,2025-09-17 21:25
Pinky Crush,断罪の一花,J-POP,Len feat.mochari,0,0,0,0,0,---,NO PLAY,---,4,0,0,0,---,HARD CLEAR,---,8,0,0,0,---,EASY CLEAR,---,11,0,0,0,---,NO PLAY,---,0,0,0,0,---,NO PLAY,---,2025-09-17 21:25
Pinky Crush,最強頂戴girl,TWINKLE POP,BEMANI Sound Team "TATSUYA" feat. ななひら,0,0,0,0,0,---,NO PLAY,---,4,0,0,0,---,HARD CLEAR,---,8,0,0,0,---,NO PLAY,---,10,0,0,0,---,NO PLAY,---,0,0,0,0,---,NO PLAY,---,2025-09-17 21:25
Pinky Crush,灼熱 Lost Summer Dayz,DRUM'N'BASS,DJ Mass MAD Izm* feat.すみはね,0,0,0,0,0,---,NO PLAY,---,6,0,0,0,---,EASY CLEAR,---,10,0,0,0,---,NO PLAY,---,12,0,0,0,---,NO PLAY,---,0,0,0,0,---,NO PLAY,---,2025-09-17 21:25
Pinky Crush,爆ぜりゃんせ,繚乱呂句,敦姫,2,0,0,0,0,---,NO PLAY,---,5,0,0,0,---,EASY CLEAR,---,9,1519,650,219,53,EASY CLEAR,A,11,0,0,0,---,NO PLAY,---,0,0,0,0,---,NO PLAY,---,2026-01-14 17:40
Pinky Crush,覚悟せよ！エンタンメ～ン ～より身の切り売り自暴自棄版～,ビックリポップ,マキシウキョウ,2,0,0,0,0,---,NO PLAY,---,5,952,433,86,12,HARD CLEAR,AA,9,1410,583,244,63,EASY CLEAR,A,11,0,0,0,---,NO PLAY,---,0,0,0,0,---,NO PLAY,---,2025-12-26 17:01
Pinky Crush,進捗ダメダメです,J-POP,GYARI feat.宮舞モカ、弦巻マキ,0,0,0,0,0,---,NO PLAY,---,4,0,0,0,---,HARD CLEAR,---,8,0,0,0,---,EASY CLEAR,---,10,0,0,0,---,NO PLAY,---,0,0,0,0,---,NO PLAY,---,2025-09-17 21:25
Pinky Crush,飴玉,J-POP,CYNHN,0,0,0,0,0,---,NO PLAY,---,4,0,0,0,---,HARD CLEAR,---,7,0,0,0,---,NO PLAY,---,9,0,0,0,---,NO PLAY,---,0,0,0,0,---,NO PLAY,---,2025-09-17 21:25
Pinky Crush,ＰＡＳＴＥＬＩＳＭ,KAWAII FUTURE BASS,Snail's House,0,0,0,0,0,---,NO PLAY,---,5,0,0,0,---,NO PLAY,---,8,0,0,0,---,EASY CLEAR,---,10,0,0,0,---,NO PLAY,---,0,0,0,0,---,NO PLAY,---,2025-09-17 21:25
Sparkle Shower,2 Be Continued,DRAMATIC CHIPTUNE,打打だいず,1,0,0,0,0,---,NO PLAY,---,5,0,0,0,---,NO PLAY,---,9,1261,495,271,53,EASY CLEAR,B,12,0,0,0,---,NO PLAY,---,0,0,0,0,---,NO PLAY,---,2025-12-24 14:07
Sparkle Shower,A Certified Rave Moment,MULTIGENRE,BEMANI Sound Team "めめめ",3,0,0,0,0,---,NO PLAY,---,5,976,449,78,13,HARD CLEAR,AAA,9,1287,510,267,51,EASY CLEAR,A,11,0,0,0,---,NO PLAY,---,0,0,0,0,---,NO PLAY,---,2025-12-19 15:51
Sparkle Shower,AGETEKE ONDO,JAPANESE OMATSURI ROCK,暁Records,1,0,0,0,0,---,NO PLAY,---,5,0,0,0,---,NO PLAY,---,7,1256,534,188,35,HARD CLEAR,AA,10,0,0,0,---,NO PLAY,---,0,0,0,0,---,NO PLAY,---,2025-12-19 14:45
Sparkle Shower,Bang Bang Dance,HARD DANCE,Nhato,6,0,0,0,0,---,NO PLAY,---,5,796,377,42,1,HARD CLEAR,AAA,9,1299,545,209,37,EASY CLEAR,A,11,0,0,0,---,NO PLAY,---,0,0,0,0,---,NO PLAY,---,2026-01-14 17:15
Sparkle Shower,BattleRoyal,DUBSTEP,Blacklolita,3,0,0,0,0,---,NO PLAY,---,6,978,438,102,10,HARD CLEAR,AA,9,1245,497,251,66,EASY CLEAR,B,11,0,0,0,---,NO PLAY,---,0,0,0,0,---,NO PLAY,---,2025-12-19 15:54
Sparkle Shower,Caramel Pain,J-POP,星街すいせい,17,0,0,0,0,---,NO PLAY,---,3,698,332,34,0,FULLCOMBO CLEAR,AAA,6,1149,546,57,4,HARD CLEAR,AAA,9,1397,590,217,99,EASY CLEAR,A,0,0,0,0,---,NO PLAY,---,2025-12-30 22:29
Sparkle Shower,Catch ya Getcha!,PSY-KECAK STYLE,Tanchiky,2,0,0,0,0,---,NO PLAY,---,5,0,0,0,---,NO PLAY,---,9,1249,477,295,105,EASY CLEAR,B,11,0,0,0,---,NO PLAY,---,0,0,0,0,---,NO PLAY,---,2026-01-12 19:56
Sparkle Shower,COLOR BURST,COLOR DANCE POP,Rainy。,2,0,0,0,0,---,NO PLAY,---,4,0,0,0,---,NO PLAY,---,7,1140,503,134,19,HARD CLEAR,AA,10,0,0,0,---,NO PLAY,---,0,0,0,0,---,NO PLAY,---,2026-01-12 19:36
Sparkle Shower,Countdown to Heaven or Hell,TECH TRANCE,BEMANI Sound Team "dj TAKA",6,0,0,0,0,---,NO PLAY,---,6,1121,496,129,8,HARD CLEAR,AA,9,1184,448,288,81,EASY CLEAR,B,11,0,0,0,---,NO PLAY,---,0,0,0,0,---,NO PLAY,---,2025-12-22 22:32
Sparkle Shower,Disco Killer Music Lover,HARDCORE RAVE,Zekk,2,0,0,0,0,---,NO PLAY,---,6,0,0,0,---,NO PLAY,---,9,1253,493,267,49,EASY CLEAR,B,12,0,0,0,---,NO PLAY,---,0,0,0,0,---,NO PLAY,---,2025-12-19 16:17
Sparkle Shower,Fashion Fruit,STAR☆FRUIT,Tatsunoshin x Aira Arere,3,0,0,0,0,---,NO PLAY,---,5,0,0,0,---,NO PLAY,---,9,1367,540,287,50,EASY CLEAR,A,11,0,0,0,---,NO PLAY,---,0,0,0,0,---,NO PLAY,---,2026-01-12 19:48
Sparkle Shower,From Human Blood,ORBITALIC METAL STEP,BEMANI Sound Team "U1-ASAMi",1,0,0,0,0,---,NO PLAY,---,6,0,0,0,---,NO PLAY,---,10,1389,542,305,97,EASY CLEAR,B,12,0,0,0,---,NO PLAY,---,0,0,0,0,---,NO PLAY,---,2026-01-12 20:02
Sparkle Shower,GOLD RUSH 2025,RECKLESS RAVE,Remixed by BEMANI Sound Team "めめめ" feat. beatnation Records,1,0,0,0,0,---,NO PLAY,---,5,0,0,0,---,NO PLAY,---,9,1238,499,240,44,EASY CLEAR,A,11,0,0,0,---,NO PLAY,---,0,0,0,0,---,NO PLAY,---,2026-01-14 17:22
Sparkle Shower,JUST SYNC ft.Kanae Asaba,80s SYNTH POWER POP,Xceon,5,0,0,0,0,---,NO PLAY,---,4,0,0,0,---,NO PLAY,---,7,1162,518,126,18,HARD CLEAR,AA,9,1446,575,296,96,EASY CLEAR,A,0,0,0,0,---,NO PLAY,---,2026-01-12 20:08
Sparkle Shower,LEMON MELON COOKIE,ボカロ,TAK feat.初音ミク,6,0,0,0,0,---,NO PLAY,---,4,791,378,35,7,HARD CLEAR,AAA,7,1315,616,83,14,HARD CLEAR,AAA,9,1571,644,283,71,EASY CLEAR,A,0,0,0,0,---,NO PLAY,---,2025-12-26 14:55
Sparkle Shower,Makin' It,JUNGLE， DRUM N BASS,DJ RENA ,6,0,0,0,0,---,NO PLAY,---,6,878,383,112,11,HARD CLEAR,AA,10,1112,403,306,26,HARD CLEAR,A,12,0,0,0,---,NO PLAY,---,0,0,0,0,---,NO PLAY,---,2026-01-08 18:45
Sparkle Shower,Memoria Obscura,UNNAMED PROGRESSIVE,satella,1,0,0,0,0,---,NO PLAY,---,6,929,404,121,7,HARD CLEAR,AA,10,0,0,0,---,NO PLAY,---,12,0,0,0,---,NO PLAY,---,0,0,0,0,---,NO PLAY,---,2025-12-19 14:37
Sparkle Shower,MOCHIMOCHI DREAMIN!!,オモチコア,nora2r × まろん feat. 和鳴るせ,6,0,0,0,0,---,NO PLAY,---,5,1014,459,96,5,HARD CLEAR,AAA,8,1487,638,211,39,HARD CLEAR,AA,11,0,0,0,---,NO PLAY,---,0,0,0,0,---,NO PLAY,---,2026-01-14 18:05
Sparkle Shower,Nyan Nyan University ,MAJOR IN MEWOLOGY,Aice room,3,0,0,0,0,---,NO PLAY,---,5,854,393,68,6,HARD CLEAR,AAA,8,1198,503,192,24,HARD CLEAR,A,10,0,0,0,---,NO PLAY,---,0,0,0,0,---,NO PLAY,---,2026-01-12 19:44
Sparkle Shower,PALETTE,BLUE CORE,lapix feat. 奈良ひより,6,0,0,0,0,---,NO PLAY,---,5,835,396,43,1,HARD CLEAR,AAA,8,1305,627,51,9,HARD CLEAR,AAA,10,1599,705,189,43,EASY CLEAR,AA,0,0,0,0,---,NO PLAY,---,2026-01-08 19:13
Sparkle Shower,RALLY '25,RALLY HARD TECHNO,Masayoshi Iimori,4,0,0,0,0,---,NO PLAY,---,6,1163,546,71,14,HARD CLEAR,AAA,10,1483,596,291,68,EASY CLEAR,B,12,0,0,0,---,NO PLAY,---,0,0,0,0,---,NO PLAY,---,2026-01-08 18:55
Sparkle Shower,Regina vespaE,CYBER RENAISSANCE,KARUT,2,0,0,0,0,---,NO PLAY,---,6,1070,478,114,14,HARD CLEAR,AA,10,1607,652,303,76,EASY CLEAR,A,12,0,0,0,---,NO PLAY,---,0,0,0,0,---,NO PLAY,---,2026-01-12 20:05
Sparkle Shower,SHINING☆DANCE,J ~RAVE,ハレトキドキ,1,0,0,0,0,---,NO PLAY,---,4,0,0,0,---,NO PLAY,---,7,1324,591,142,22,HARD CLEAR,AA,10,0,0,0,---,NO PLAY,---,0,0,0,0,---,NO PLAY,---,2025-12-27 16:47
Sparkle Shower,Shooting Star,DANCE POP,ReGLOSS,2,0,0,0,0,---,NO PLAY,---,4,0,0,0,---,NO PLAY,---,7,1284,578,128,13,HARD CLEAR,AA,10,0,0,0,---,NO PLAY,---,0,0,0,0,---,NO PLAY,---,2025-12-19 14:58
Sparkle Shower,SnapSkipSpark,HAPPY BREAKCORE,Feryquitous,4,0,0,0,0,---,NO PLAY,---,5,1022,476,70,14,HARD CLEAR,AAA,9,1343,554,235,87,EASY CLEAR,A,11,0,0,0,---,NO PLAY,---,0,0,0,0,---,NO PLAY,---,2026-01-12 19:51
Sparkle Shower,Space Battleship S4TO,BIGCORE,BEMANI Sound Team "Captain Sonic",5,0,0,0,0,---,NO PLAY,---,7,1125,496,133,10,HARD CLEAR,AA,10,1448,569,310,92,EASY CLEAR,B,12,0,0,0,---,NO PLAY,---,0,0,0,0,---,NO PLAY,---,2026-01-12 19:42
Sparkle Shower,SPLASH!!!!!!!!!,DRUM'N'BASS / HAPPY HARDCORE,Yuta Imai,1,0,0,0,0,---,NO PLAY,---,5,0,0,0,---,NO PLAY,---,8,1150,484,182,67,EASY CLEAR,A,10,0,0,0,---,NO PLAY,---,0,0,0,0,---,NO PLAY,---,2025-12-26 19:00
Sparkle Shower,Substance,PSYTECH FULL ON,BEMANI Sound Team "めめめ",1,0,0,0,0,---,NO PLAY,---,5,0,0,0,---,NO PLAY,---,8,1201,476,249,26,EASY CLEAR,A,11,0,0,0,---,NO PLAY,---,0,0,0,0,---,NO PLAY,---,2025-12-19 15:07
Sparkle Shower,Vitamin,SPEED HOUSE,BlackY,2,0,0,0,0,---,NO PLAY,---,6,1031,463,105,29,HARD CLEAR,AA,9,1247,480,287,70,EASY CLEAR,B,11,0,0,0,---,NO PLAY,---,0,0,0,0,---,NO PLAY,---,2025-12-24 14:03
Sparkle Shower,ιgniЯRuina,PSALMS OF ASHES,xi feat. Risa Yuzuki,1,0,0,0,0,---,NO PLAY,---,6,0,0,0,---,NO PLAY,---,10,1273,477,319,165,FAILED,C,12,0,0,0,---,NO PLAY,---,0,0,0,0,---,NO PLAY,---,2026-01-14 17:26
Sparkle Shower,⁽⁽ଘ( ˙꒳˙ )ଓ⁾⁾ beyond reason,ROMANTIC SCHOOL VARIATIONS,Ice vs BEMANI Sound Team "dj TAKA",1,0,0,0,0,---,NO PLAY,---,6,1037,461,115,29,HARD CLEAR,AA,10,0,0,0,---,NO PLAY,---,12,0,0,0,---,NO PLAY,---,0,0,0,0,---,NO PLAY,---,2025-12-11 18:14
Sparkle Shower,かわいいだけじゃだめですか？,IIDX EDITION,Remixed by BEMANI Sound Team "L.E.D.-G" feat. 佐伯伊織,2,0,0,0,0,---,NO PLAY,---,5,869,410,49,7,HARD CLEAR,AAA,8,1317,591,135,22,EASY CLEAR,AA,10,0,0,0,---,NO PLAY,---,0,0,0,0,---,NO PLAY,---,2025-12-27 17:27
Sparkle Shower,それが、ボクの使命～レスキュー隊長 メンキュー～,EMERGENCY CORE,TORIENA,7,0,0,0,0,---,NO PLAY,---,4,611,272,67,14,HARD CLEAR,AA,8,1018,422,174,52,EASY CLEAR,A,10,0,0,0,---,NO PLAY,---,0,0,0,0,---,NO PLAY,---,2026-01-12 19:59
Sparkle Shower,でんぱ どりる わんにゃー☆三,HEISEI POP,キノシタ feat. 重音テト,6,0,0,0,0,---,NO PLAY,---,5,1111,532,47,9,HARD CLEAR,AAA,9,1656,708,240,103,EASY CLEAR,A,11,0,0,0,---,NO PLAY,---,0,0,0,0,---,NO PLAY,---,2026-01-08 17:49
Sparkle Shower,デラむぅのでらっくす☆どり～むぅ,だんすむぅ～じっく,デラむぅと BEMANI Sound Team "TATSUYA"お兄さん,1,0,0,0,0,---,NO PLAY,---,4,0,0,0,---,NO PLAY,---,7,1174,521,132,11,HARD CLEAR,AA,10,0,0,0,---,NO PLAY,---,0,0,0,0,---,NO PLAY,---,2026-01-08 17:44
Sparkle Shower,バブリン,J-POP,HIMEHINA,6,0,0,0,0,---,NO PLAY,---,4,1044,488,68,6,HARD CLEAR,AAA,7,1561,715,131,17,HARD CLEAR,AAA,10,0,0,0,---,NO PLAY,---,0,0,0,0,---,NO PLAY,---,2026-01-05 22:16
Sparkle Shower,ビビッド ☆+*。キラキライム,ハピコア,Machico,2,0,0,0,0,---,NO PLAY,---,6,1169,562,45,3,HARD CLEAR,AAA,9,1459,590,279,49,EASY CLEAR,A,12,0,0,0,---,NO PLAY,---,0,0,0,0,---,NO PLAY,---,2025-12-19 15:57
Sparkle Shower,ベラ・ベ・カラベラ,TERRORCORE/RAP,Fra Prod. by RoughSketch,1,0,0,0,0,---,NO PLAY,---,6,0,0,0,---,NO PLAY,---,9,1280,474,332,29,EASY CLEAR,A,11,0,0,0,---,NO PLAY,---,0,0,0,0,---,NO PLAY,---,2025-12-30 22:47
Sparkle Shower,夏色のセレナーデ,OMOIDE CORE,BEMANI Sound Team "KE!JU",1,0,0,0,0,---,NO PLAY,---,5,0,0,0,---,NO PLAY,---,8,1297,582,133,24,EASY CLEAR,AA,10,0,0,0,---,NO PLAY,---,0,0,0,0,---,NO PLAY,---,2026-01-08 17:46
Sparkle Shower,好吃来世deエレクトリック,ALTERNATIVE,中山真斗 feat. CHAN,2,0,0,0,0,---,NO PLAY,---,4,753,350,53,3,HARD CLEAR,AAA,7,1060,430,200,17,HARD CLEAR,A,10,0,0,0,---,NO PLAY,---,0,0,0,0,---,NO PLAY,---,2025-12-24 15:35
Sparkle Shower,月下繚乱,CYBER YAMATO,Julianne,3,0,0,0,0,---,NO PLAY,---,5,803,370,63,13,HARD CLEAR,AA,9,1251,503,245,50,EASY CLEAR,A,11,0,0,0,---,NO PLAY,---,0,0,0,0,---,NO PLAY,---,2025-12-30 22:42
Sparkle Shower,煉獄コンフィチュール,ROCK,Pizuya's Cell,1,0,0,0,0,---,NO PLAY,---,5,0,0,0,---,NO PLAY,---,9,1060,387,286,83,EASY CLEAR,B,11,0,0,0,---,NO PLAY,---,0,0,0,0,---,NO PLAY,---,2025-12-24 14:09
Sparkle Shower,百恋ラブラスター,KAWAII POP,irucaice feat. ななひら,1,0,0,0,0,---,NO PLAY,---,4,0,0,0,---,NO PLAY,---,8,1167,506,155,25,EASY CLEAR,AA,10,0,0,0,---,NO PLAY,---,0,0,0,0,---,NO PLAY,---,2025-12-24 15:38
Sparkle Shower,鏡像都市,CYBER METROPOLIS,BEMANI Sound Team "劇団レコード" feat.T4K,2,0,0,0,0,---,NO PLAY,---,4,0,0,0,---,NO PLAY,---,7,1237,565,107,9,HARD CLEAR,AA,9,1384,567,250,83,EASY CLEAR,A,0,0,0,0,---,NO PLAY,---,2025-12-26 14:47
Sparkle Shower,閃と雷管とロープ,PIANO ROCK,めと（Metomate）,4,0,0,0,0,---,NO PLAY,---,5,833,385,63,2,HARD CLEAR,AAA,8,1256,555,146,7,HARD CLEAR,AA,11,0,0,0,---,NO PLAY,---,0,0,0,0,---,NO PLAY,---,2026-01-12 19:53
